dc_obase,dc_obase,data=%7B%22,dc_obase,%22%3A%7B%22time%22%3A%7B%22starttime%22%3A,1529337600,%2C%22endtime%22%3A,1529400927,%2C%22timezone%22%3A%22,%2B08%3A00,%22%7D%2C%22filter%22%3A%22%22%2C%22range%22%3A%7B%22rangetype%22%3A%22site%22%2C%22sid%22%3A%22,78da903f,%22%2C%22rangeparam%22%3A%22,78da903f,%22%7D%2C%22parameter%22%3A%7B%22merge%22%3A%7B%22paramlist%22%3A%5B%5D%7D%7D%2C%22item%22%3A%7B%22token%22%3A%22,JV1-MmYLrFyUpiXM0yXe6sdnnmUsCr6CsdX9Bw%3D%3D,%22%2C%22mainitem%22%3A%22,overview,%22%2C%22subitem%22%3A%22,overview,%22%7D%7D%7D,,,,,,,,,,,,,,,,,,,,,,
dc_obaseuv,dc_obaseuv,data=%7B%22,dc_obaseuv,%22%3A%7B%22time%22%3A%7B%22starttime%22%3A,1529337600,%2C%22endtime%22%3A,1529400927,%2C%22timezone%22%3A%22,%2B08%3A00,%22%7D%2C%22filter%22%3A%22%22%2C%22range%22%3A%7B%22rangetype%22%3A%22site%22%2C%22sid%22%3A%22,78da903f,%22%2C%22rangeparam%22%3A%22,78da903f,%22%7D%2C%22parameter%22%3A%7B%22merge%22%3A%7B%22paramlist%22%3A%5B%5D%7D%7D%2C%22item%22%3A%7B%22token%22%3A%22,JV1-MmYLrFyUpiXM0yXe6sdnnmUsCr6CsdX9Bw%3D%3D,%22%2C%22mainitem%22%3A%22,overview,%22%2C%22subitem%22%3A%22,overview,%22%7D%7D%7D,,,,,,,,,,,,,,,,,,,,,,
dc_oplatform,dc_oplatform,data=%7B%22,dc_oplatform,%22%3A%7B%22time%22%3A%7B%22starttime%22%3A,1529337600,%2C%22endtime%22%3A,1529400927,%2C%22timezone%22%3A%22,%2B08%3A00,%22%7D%2C%22filter%22%3A%22%22%2C%22range%22%3A%7B%22rangetype%22%3A%22site%22%2C%22sid%22%3A%22,78da903f,%22%2C%22rangeparam%22%3A%22,78da903f,%22%7D%2C%22parameter%22%3A%7B%22merge%22%3A%7B%22paramlist%22%3A%5B%5D%7D%7D%2C%22item%22%3A%7B%22token%22%3A%22,JV1-MmYLrFyUpiXM0yXe6sdnnmUsCr6CsdX9Bw%3D%3D,%22%2C%22mainitem%22%3A%22,overview,%22%2C%22subitem%22%3A%22,overview,%22%7D%7D%7D,,,,,,,,,,,,,,,,,,,,,,
dc_ooslist,dc_ooslist,data=%7B%22,dc_ooslist,%22%3A%7B%22time%22%3A%7B%22starttime%22%3A,1529337600,%2C%22endtime%22%3A,1529400927,%2C%22timezone%22%3A%22,%2B08%3A00,%22%7D%2C%22filter%22%3A%22%22%2C%22range%22%3A%7B%22rangetype%22%3A%22site%22%2C%22sid%22%3A%22,78da903f,%22%2C%22rangeparam%22%3A%22,78da903f,%22%7D%2C%22parameter%22%3A%7B%22merge%22%3A%7B%22paramlist%22%3A%5B%5D%7D%7D%2C%22item%22%3A%7B%22token%22%3A%22,JV1-MmYLrFyUpiXM0yXe6sdnnmUsCr6CsdX9Bw%3D%3D,%22%2C%22mainitem%22%3A%22,overview,%22%2C%22subitem%22%3A%22,overview,%22%2C%22limit%22%3A101%7D%7D%7D,,,,,,,,,,,,,,,,,,,,,,
dc_obrowserlist,dc_obrowserlist,data=%7B%22,dc_obrowserlist,%22%3A%7B%22time%22%3A%7B%22starttime%22%3A,1529337600,%2C%22endtime%22%3A,1529400927,%2C%22timezone%22%3A%22,%2B08%3A00,%22%7D%2C%22filter%22%3A%22%22%2C%22range%22%3A%7B%22rangetype%22%3A%22site%22%2C%22sid%22%3A%22,78da903f,%22%2C%22rangeparam%22%3A%22,78da903f,%22%7D%2C%22parameter%22%3A%7B%22merge%22%3A%7B%22paramlist%22%3A%5B%5D%7D%7D%2C%22item%22%3A%7B%22token%22%3A%22,JV1-MmYLrFyUpiXM0yXe6sdnnmUsCr6CsdX9Bw%3D%3D,%22%2C%22mainitem%22%3A%22,overview,%22%2C%22subitem%22%3A%22,overview,%22%2C%22limit%22%3A101%7D%7D%7D,,,,,,,,,,,,,,,,,,,,,,
dc_opages,dc_opages,data=%7B%22,dc_opages,%22%3A%7B%22time%22%3A%7B%22starttime%22%3A,1529337600,%2C%22endtime%22%3A,1529400927,%2C%22timezone%22%3A%22,%2B08%3A00,%22%7D%2C%22filter%22%3A%22%22%2C%22range%22%3A%7B%22rangetype%22%3A%22site%22%2C%22sid%22%3A%22,78da903f,%22%2C%22rangeparam%22%3A%22,78da903f,%22%7D%2C%22parameter%22%3A%7B%22merge%22%3A%7B%22paramlist%22%3A%5B%5D%7D%7D%2C%22item%22%3A%7B%22token%22%3A%22,JV1-MmYLrFyUpiXM0yXe6sdnnmUsCr6CsdX9Bw%3D%3D,%22%2C%22mainitem%22%3A%22,overview,%22%2C%22subitem%22%3A%22,overview,%22%2C%22limit%22%3A101%7D%7D%7D,,,,,,,,,,,,,,,,,,,,,,
dc_olocation,dc_olocation,data=%7B%22,dc_olocation,%22%3A%7B%22time%22%3A%7B%22starttime%22%3A,1529337600,%2C%22endtime%22%3A,1529400927,%2C%22timezone%22%3A%22,%2B08%3A00,%22%7D%2C%22filter%22%3A%22%22%2C%22range%22%3A%7B%22rangetype%22%3A%22site%22%2C%22sid%22%3A%22,78da903f,%22%2C%22rangeparam%22%3A%22,78da903f,%22%7D%2C%22parameter%22%3A%7B%22merge%22%3A%7B%22paramlist%22%3A%5B%5D%7D%7D%2C%22item%22%3A%7B%22token%22%3A%22,JV1-MmYLrFyUpiXM0yXe6sdnnmUsCr6CsdX9Bw%3D%3D,%22%2C%22mainitem%22%3A%22,overview,%22%2C%22subitem%22%3A%22,overview,%22%2C%22limit%22%3A101%7D%7D%7D,,,,,,,,,,,,,,,,,,,,,,
dc_osource,dc_osource,data=%7B%22,dc_osource,%22%3A%7B%22time%22%3A%7B%22starttime%22%3A,1529337600,%2C%22endtime%22%3A,1529400927,%2C%22timezone%22%3A%22,%2B08%3A00,%22%7D%2C%22filter%22%3A%22%22%2C%22range%22%3A%7B%22rangetype%22%3A%22site%22%2C%22sid%22%3A%22,78da903f,%22%2C%22rangeparam%22%3A%22,78da903f,%22%7D%2C%22parameter%22%3A%7B%22merge%22%3A%7B%22paramlist%22%3A%5B%5D%7D%7D%2C%22item%22%3A%7B%22token%22%3A%22,JV1-MmYLrFyUpiXM0yXe6sdnnmUsCr6CsdX9Bw%3D%3D,%22%2C%22mainitem%22%3A%22,overview,%22%2C%22subitem%22%3A%22,overview,%22%2C%22limit%22%3A101%7D%7D%7D,,,,,,,,,,,,,,,,,,,,,,
curve_current,curve_current,data=%7B%22,curve_current,%22%3A%7B%22time%22%3A%7B%22starttime%22%3A,1529337600,%2C%22endtime%22%3A,1529400927,%2C%22timezone%22%3A%22,%2B08%3A00,%22%7D%2C%22filter%22%3A%22%22%2C%22range%22%3A%7B%22rangetype%22%3A%22site%22%2C%22sid%22%3A%22,78da903f,%22%2C%22rangeparam%22%3A%22,78da903f,%22%7D%2C%22parameter%22%3A%7B%22merge%22%3A%7B%22paramlist%22%3A%5B%5D%7D%7D%2C%22item%22%3A%7B%22token%22%3A%22,JV1-MmYLrFyUpiXM0yXe6sdnnmUsCr6CsdX9Bw%3D%3D,%22%2C%22mainitem%22%3A%22,overview,%22%2C%22subitem%22%3A%22,vi,%22%7D%7D%7D,,,,,,,,,,,,,,,,,,,,,,
dc_skeyword,dc_skeyword,data=%7B%22,dc_skeyword,%22%3A%7B%22time%22%3A%7B%22starttime%22%3A,1529337600,%2C%22endtime%22%3A,1529423999,%2C%22timezone%22%3A%22,%2B08%3A00,%22%7D%2C%22filter%22%3A%22%22%2C%22range%22%3A%7B%22rangetype%22%3A%22site%22%2C%22sid%22%3A%22,78da903f,%22%2C%22rangeparam%22%3A%22,78da903f,%22%7D%2C%22parameter%22%3A%7B%22merge%22%3A%7B%22paramlist%22%3A%5B%5D%7D%7D%2C%22item%22%3A%7B%22token%22%3A%22,gVh-EmKLUF4Uri%2FMZyhexs4n7m%2FsCrKCxwtLtQ%3D%3D,%22%2C%22mainitem%22%3A%22,sources,%22%2C%22subitem%22%3A%22,overview,%22%2C%22limit%22%3A20%7D%7D%7D,,,,,,,,,,,,,,,,,,,,,,
dc_techunion,dc_techunion,data=%7B%22,dc_techunion,%22%3A%7B%22time%22%3A%7B%22starttime%22%3A,1529337600,%2C%22endtime%22%3A,1529423999,%2C%22timezone%22%3A%22,%2B08%3A00,%22%7D%2C%22filter%22%3A%22%22%2C%22range%22%3A%7B%22rangetype%22%3A%22site%22%2C%22sid%22%3A%22,78da903f,%22%2C%22rangeparam%22%3A%22,78da903f,%22%7D%2C%22parameter%22%3A%7B%22merge%22%3A%7B%22paramlist%22%3A%5B%5D%7D%7D%2C%22item%22%3A%7B%22token%22%3A%22,HVW-dmML3FtUWifMxyUeEstnPmHsZrrCeZGDyw%3D%3D,%22%2C%22mainitem%22%3A%22,technology,%22%2C%22subitem%22%3A%22,union,%22%2C%22limit%22%3A100%7D%7D%7D,,,,,,,,,,,,,,,,,,,,,,
dc_map,dc_map,data=%7B%22,dc_map,%22%3A%7B%22time%22%3A%7B%22starttime%22%3A,1529337600,%2C%22endtime%22%3A,1529423999,%2C%22timezone%22%3A%22,%2B08%3A00,%22%7D%2C%22filter%22%3A%22%22%2C%22range%22%3A%7B%22rangetype%22%3A%22site%22%2C%22sid%22%3A%22,78da903f,%22%2C%22rangeparam%22%3A%22,78da903f,%22%7D%2C%22parameter%22%3A%7B%22merge%22%3A%7B%22paramlist%22%3A%5B%5D%7D%7D%2C%22item%22%3A%7B%22token%22%3A%22,HVW-dmML3FtUWifMxyUeEstnPmHsZrrCeZGDyw%3D%3D,%22%2C%22mainitem%22%3A%22,overview,%22%2C%22subitem%22%3A%22,overview,%22%2C%22limit%22%3A101%7D%7D%7D,,,,,,,,,,,,,,,,,,,,,,
dc_cvbase,dc_cvbase,data=%7B%22,dc_cvbase,%22%3A%7B%22time%22%3A%7B%22starttime%22%3A,1529337600,%2C%22endtime%22%3A,1529423999,%2C%22timezone%22%3A%22,%2B08%3A00,%22%7D%2C%22filter%22%3A%22%22%2C%22range%22%3A%7B%22rangetype%22%3A%22site%22%2C%22sid%22%3A%22,78da903f,%22%2C%22rangeparam%22%3A%22,78da903f,%22%7D%2C%22parameter%22%3A%7B%22merge%22%3A%7B%22paramlist%22%3A%5B%5D%7D%7D%2C%22item%22%3A%7B%22token%22%3A%22,HVW-dmML3FtUWifMxyUeEstnPmHsZrrCeZGDyw%3D%3D,%22%2C%22mainitem%22%3A%22,conversion,%22%2C%22subitem%22%3A%22,overview,%22%7D%7D%7D,,,,,,,,,,,,,,,,,,,,,,
dc_cvcomp,dc_cvcomp,data=%7B%22,dc_cvcomp,%22%3A%7B%22time%22%3A%7B%22starttime%22%3A,1529337600,%2C%22endtime%22%3A,1529423999,%2C%22timezone%22%3A%22,%2B08%3A00,%22%7D%2C%22filter%22%3A%22%22%2C%22range%22%3A%7B%22rangetype%22%3A%22site%22%2C%22sid%22%3A%22,78da903f,%22%2C%22rangeparam%22%3A%22,78da903f,%22%7D%2C%22parameter%22%3A%7B%22merge%22%3A%7B%22paramlist%22%3A%5B%5D%7D%7D%2C%22item%22%3A%7B%22token%22%3A%22,HVW-dmML3FtUWifMxyUeEstnPmHsZrrCeZGDyw%3D%3D,%22%2C%22mainitem%22%3A%22,conversion,%22%2C%22subitem%22%3A%22,overview,%22%2C%22limit%22%3A101%7D%7D%7D,,,,,,,,,,,,,,,,,,,,,,
dc_cvvalue,dc_cvvalue,data=%7B%22,dc_cvvalue,%22%3A%7B%22time%22%3A%7B%22starttime%22%3A,1529337600,%2C%22endtime%22%3A,1529423999,%2C%22timezone%22%3A%22,%2B08%3A00,%22%7D%2C%22filter%22%3A%22%22%2C%22range%22%3A%7B%22rangetype%22%3A%22site%22%2C%22sid%22%3A%22,78da903f,%22%2C%22rangeparam%22%3A%22,78da903f,%22%7D%2C%22parameter%22%3A%7B%22merge%22%3A%7B%22paramlist%22%3A%5B%5D%7D%7D%2C%22item%22%3A%7B%22token%22%3A%22,HVW-dmML3FtUWifMxyUeEstnPmHsZrrCeZGDyw%3D%3D,%22%2C%22mainitem%22%3A%22,conversion,%22%2C%22subitem%22%3A%22,overview,%22%2C%22limit%22%3A101%7D%7D%7D,,,,,,,,,,,,,,,,,,,,,,
dc_cvsource,dc_cvsource,data=%7B%22,dc_cvsource,%22%3A%7B%22time%22%3A%7B%22starttime%22%3A,1529337600,%2C%22endtime%22%3A,1529423999,%2C%22timezone%22%3A%22,%2B08%3A00,%22%7D%2C%22filter%22%3A%22%22%2C%22range%22%3A%7B%22rangetype%22%3A%22site%22%2C%22sid%22%3A%22,78da903f,%22%2C%22rangeparam%22%3A%22,78da903f,%22%7D%2C%22parameter%22%3A%7B%22merge%22%3A%7B%22paramlist%22%3A%5B%5D%7D%7D%2C%22item%22%3A%7B%22token%22%3A%22,HVW-dmML3FtUWifMxyUeEstnPmHsZrrCeZGDyw%3D%3D,%22%2C%22mainitem%22%3A%22,conversion,%22%2C%22subitem%22%3A%22,overview,%22%2C%22limit%22%3A101%7D%7D%7D,,,,,,,,,,,,,,,,,,,,,,
dc_cvkeyword,dc_cvkeyword,data=%7B%22,dc_cvkeyword,%22%3A%7B%22time%22%3A%7B%22starttime%22%3A,1529337600,%2C%22endtime%22%3A,1529423999,%2C%22timezone%22%3A%22,%2B08%3A00,%22%7D%2C%22filter%22%3A%22%22%2C%22range%22%3A%7B%22rangetype%22%3A%22site%22%2C%22sid%22%3A%22,78da903f,%22%2C%22rangeparam%22%3A%22,78da903f,%22%7D%2C%22parameter%22%3A%7B%22merge%22%3A%7B%22paramlist%22%3A%5B%5D%7D%7D%2C%22item%22%3A%7B%22token%22%3A%22,HVW-dmML3FtUWifMxyUeEstnPmHsZrrCeZGDyw%3D%3D,%22%2C%22mainitem%22%3A%22,conversion,%22%2C%22subitem%22%3A%22,overview,%22%2C%22limit%22%3A20%7D%7D%7D,,,,,,,,,,,,,,,,,,,,,,
dc_cvadname,dc_cvadname,data=%7B%22,dc_cvadname,%22%3A%7B%22time%22%3A%7B%22starttime%22%3A,1529337600,%2C%22endtime%22%3A,1529423999,%2C%22timezone%22%3A%22,%2B08%3A00,%22%7D%2C%22filter%22%3A%22%22%2C%22range%22%3A%7B%22rangetype%22%3A%22site%22%2C%22sid%22%3A%22,78da903f,%22%2C%22rangeparam%22%3A%22,78da903f,%22%7D%2C%22parameter%22%3A%7B%22merge%22%3A%7B%22paramlist%22%3A%5B%5D%7D%7D%2C%22item%22%3A%7B%22token%22%3A%22,HVW-dmML3FtUWifMxyUeEstnPmHsZrrCeZGDyw%3D%3D,%22%2C%22mainitem%22%3A%22,conversion,%22%2C%22subitem%22%3A%22,overview,%22%2C%22limit%22%3A101%7D%7D%7D,,,,,,,,,,,,,,,,,,,,,,
dc_cvadsource,dc_cvadsource,data=%7B%22,dc_cvadsource,%22%3A%7B%22time%22%3A%7B%22starttime%22%3A,1529337600,%2C%22endtime%22%3A,1529423999,%2C%22timezone%22%3A%22,%2B08%3A00,%22%7D%2C%22filter%22%3A%22%22%2C%22range%22%3A%7B%22rangetype%22%3A%22site%22%2C%22sid%22%3A%22,78da903f,%22%2C%22rangeparam%22%3A%22,78da903f,%22%7D%2C%22parameter%22%3A%7B%22merge%22%3A%7B%22paramlist%22%3A%5B%5D%7D%7D%2C%22item%22%3A%7B%22token%22%3A%22,HVW-dmML3FtUWifMxyUeEstnPmHsZrrCeZGDyw%3D%3D,%22%2C%22mainitem%22%3A%22,conversion,%22%2C%22subitem%22%3A%22,overview,%22%2C%22limit%22%3A101%7D%7D%7D,,,,,,,,,,,,,,,,,,,,,,
dc_cvtabcr,dc_cvtabcr,data=%7B%22,dc_cvtabcr,%22%3A%7B%22time%22%3A%7B%22starttime%22%3A,1529337600,%2C%22endtime%22%3A,1529423999,%2C%22timezone%22%3A%22,%2B08%3A00,%22%7D%2C%22filter%22%3A%22%22%2C%22range%22%3A%7B%22rangetype%22%3A%22site%22%2C%22sid%22%3A%22,78da903f,%22%2C%22rangeparam%22%3A%22,78da903f,%22%7D%2C%22parameter%22%3A%7B%22merge%22%3A%7B%22paramlist%22%3A%5B%5D%7D%7D%2C%22item%22%3A%7B%22token%22%3A%22,HVW-dmML3FtUWifMxyUeEstnPmHsZrrCeZGDyw%3D%3D,%22%2C%22mainitem%22%3A%22,conversion,%22%2C%22subitem%22%3A%22,cr,%22%2C%22sort%22%3A2%2C%22limit%22%3A100%7D%2C%22search%22%3A%7B%22value%22%3A%22%22%2C%22field%22%3A2%2C%22state%22%3A0%7D%7D%7D,,,,,,,,,,,,,,,,,,,,,,
dc_cvtabcn,dc_cvtabcn,data=%7B%22,dc_cvtabcn,%22%3A%7B%22time%22%3A%7B%22starttime%22%3A,1529337600,%2C%22endtime%22%3A,1529423999,%2C%22timezone%22%3A%22,%2B08%3A00,%22%7D%2C%22filter%22%3A%22%22%2C%22range%22%3A%7B%22rangetype%22%3A%22site%22%2C%22sid%22%3A%22,78da903f,%22%2C%22rangeparam%22%3A%22,78da903f,%22%7D%2C%22parameter%22%3A%7B%22merge%22%3A%7B%22paramlist%22%3A%5B%5D%7D%7D%2C%22item%22%3A%7B%22token%22%3A%22,HVW-dmML3FtUWifMxyUeEstnPmHsZrrCeZGDyw%3D%3D,%22%2C%22mainitem%22%3A%22,conversion,%22%2C%22subitem%22%3A%22,cn,%22%2C%22sort%22%3A2%2C%22limit%22%3A100%7D%2C%22search%22%3A%7B%22value%22%3A%22%22%2C%22field%22%3A2%2C%22state%22%3A0%7D%7D%7D,,,,,,,,,,,,,,,,,,,,,,
dc_cvfunneldtl,dc_cvfunneldtl,data=%7B%22,dc_cvfunneldtl,%22%3A%7B%22time%22%3A%7B%22starttime%22%3A,1529337600,%2C%22endtime%22%3A,1529423999,%2C%22timezone%22%3A%22,%2B08%3A00,%22%7D%2C%22filter%22%3A%22%22%2C%22range%22%3A%7B%22rangetype%22%3A%22site%22%2C%22sid%22%3A%22,78da903f,%22%2C%22rangeparam%22%3A%22,78da903f,%22%7D%2C%22parameter%22%3A%7B%22merge%22%3A%7B%22paramlist%22%3A%5B%5D%7D%7D%2C%22item%22%3A%7B%22token%22%3A%22,HVW-dmML3FtUWifMxyUeEstnPmHsZrrCeZGDyw%3D%3D,%22%2C%22mainitem%22%3A%22,cart,%22%2C%22subitem%22%3A%22,undefined,%22%2C%22sort%22%3A2%2C%22limit%22%3A100%7D%7D%7D,,,,,,,,,,,,,,,,,,,,,,
curve_current_vi,vi,data=%7B%22,curve_current,%22%3A%7B%22time%22%3A%7B%22starttime%22%3A,1529337600,%2C%22endtime%22%3A,1529423999,%2C%22timezone%22%3A%22,%2B08%3A00,%22%7D%2C%22filter%22%3A%22%22%2C%22range%22%3A%7B%22rangetype%22%3A%22site%22%2C%22sid%22%3A%22,78da903f,%22%2C%22rangeparam%22%3A%22,78da903f,%22%7D%2C%22parameter%22%3A%7B%22merge%22%3A%7B%22paramlist%22%3A%5B%5D%7D%7D%2C%22item%22%3A%7B%22token%22%3A%22,ZVw-mmKLmFLUsi9MkyAeRsVnCmPswrSCW1JzTA%3D%3D,%22%2C%22mainitem%22%3A%22,overview,%22%2C%22subitem%22%3A%22,vi,%22%7D%7D%7D,,,,,,,,,,,,,,,,,,,,,,
curve_current_uv,uv,data=%7B%22,curve_current,%22%3A%7B%22time%22%3A%7B%22starttime%22%3A,1529337600,%2C%22endtime%22%3A,1529423999,%2C%22timezone%22%3A%22,%2B08%3A00,%22%7D%2C%22filter%22%3A%22%22%2C%22range%22%3A%7B%22rangetype%22%3A%22site%22%2C%22sid%22%3A%22,78da903f,%22%2C%22rangeparam%22%3A%22,78da903f,%22%7D%2C%22parameter%22%3A%7B%22merge%22%3A%7B%22paramlist%22%3A%5B%5D%7D%7D%2C%22item%22%3A%7B%22token%22%3A%22,ZVw-mmKLmFLUsi9MkyAeRsVnCmPswrSCW1JzTA%3D%3D,%22%2C%22mainitem%22%3A%22,overview,%22%2C%22subitem%22%3A%22,uv,%22%7D%7D%7D,,,,,,,,,,,,,,,,,,,,,,
curve_current_pv,pv,data=%7B%22,curve_current,%22%3A%7B%22time%22%3A%7B%22starttime%22%3A,1529337600,%2C%22endtime%22%3A,1529423999,%2C%22timezone%22%3A%22,%2B08%3A00,%22%7D%2C%22filter%22%3A%22%22%2C%22range%22%3A%7B%22rangetype%22%3A%22site%22%2C%22sid%22%3A%22,78da903f,%22%2C%22rangeparam%22%3A%22,78da903f,%22%7D%2C%22parameter%22%3A%7B%22merge%22%3A%7B%22paramlist%22%3A%5B%5D%7D%7D%2C%22item%22%3A%7B%22token%22%3A%22,ZVw-mmKLmFLUsi9MkyAeRsVnCmPswrSCW1JzTA%3D%3D,%22%2C%22mainitem%22%3A%22,overview,%22%2C%22subitem%22%3A%22,pv,%22%7D%7D%7D,,,,,,,,,,,,,,,,,,,,,,
curve_current_anv,anv,data=%7B%22,curve_current,%22%3A%7B%22time%22%3A%7B%22starttime%22%3A,1529337600,%2C%22endtime%22%3A,1529423999,%2C%22timezone%22%3A%22,%2B08%3A00,%22%7D%2C%22filter%22%3A%22%22%2C%22range%22%3A%7B%22rangetype%22%3A%22site%22%2C%22sid%22%3A%22,78da903f,%22%2C%22rangeparam%22%3A%22,78da903f,%22%7D%2C%22parameter%22%3A%7B%22merge%22%3A%7B%22paramlist%22%3A%5B%5D%7D%7D%2C%22item%22%3A%7B%22token%22%3A%22,ZVw-mmKLmFLUsi9MkyAeRsVnCmPswrSCW1JzTA%3D%3D,%22%2C%22mainitem%22%3A%22,overview,%22%2C%22subitem%22%3A%22,anv,%22%7D%7D%7D,,,,,,,,,,,,,,,,,,,,,,
curve_current_aov,aov,data=%7B%22,curve_current,%22%3A%7B%22time%22%3A%7B%22starttime%22%3A,1529337600,%2C%22endtime%22%3A,1529423999,%2C%22timezone%22%3A%22,%2B08%3A00,%22%7D%2C%22filter%22%3A%22%22%2C%22range%22%3A%7B%22rangetype%22%3A%22site%22%2C%22sid%22%3A%22,78da903f,%22%2C%22rangeparam%22%3A%22,78da903f,%22%7D%2C%22parameter%22%3A%7B%22merge%22%3A%7B%22paramlist%22%3A%5B%5D%7D%7D%2C%22item%22%3A%7B%22token%22%3A%22,ZVw-mmKLmFLUsi9MkyAeRsVnCmPswrSCW1JzTA%3D%3D,%22%2C%22mainitem%22%3A%22,overview,%22%2C%22subitem%22%3A%22,aov,%22%7D%7D%7D,,,,,,,,,,,,,,,,,,,,,,
curve_current_avi,avi,data=%7B%22,curve_current,%22%3A%7B%22time%22%3A%7B%22starttime%22%3A,1529337600,%2C%22endtime%22%3A,1529423999,%2C%22timezone%22%3A%22,%2B08%3A00,%22%7D%2C%22filter%22%3A%22%22%2C%22range%22%3A%7B%22rangetype%22%3A%22site%22%2C%22sid%22%3A%22,78da903f,%22%2C%22rangeparam%22%3A%22,78da903f,%22%7D%2C%22parameter%22%3A%7B%22merge%22%3A%7B%22paramlist%22%3A%5B%5D%7D%7D%2C%22item%22%3A%7B%22token%22%3A%22,ZVw-mmKLmFLUsi9MkyAeRsVnCmPswrSCW1JzTA%3D%3D,%22%2C%22mainitem%22%3A%22,overview,%22%2C%22subitem%22%3A%22,avi,%22%7D%7D%7D,,,,,,,,,,,,,,,,,,,,,,
curve_current_apv,apv,data=%7B%22,curve_current,%22%3A%7B%22time%22%3A%7B%22starttime%22%3A,1529337600,%2C%22endtime%22%3A,1529423999,%2C%22timezone%22%3A%22,%2B08%3A00,%22%7D%2C%22filter%22%3A%22%22%2C%22range%22%3A%7B%22rangetype%22%3A%22site%22%2C%22sid%22%3A%22,78da903f,%22%2C%22rangeparam%22%3A%22,78da903f,%22%7D%2C%22parameter%22%3A%7B%22merge%22%3A%7B%22paramlist%22%3A%5B%5D%7D%7D%2C%22item%22%3A%7B%22token%22%3A%22,ZVw-mmKLmFLUsi9MkyAeRsVnCmPswrSCW1JzTA%3D%3D,%22%2C%22mainitem%22%3A%22,overview,%22%2C%22subitem%22%3A%22,apv,%22%7D%7D%7D,,,,,,,,,,,,,,,,,,,,,,
curve_current_ast,ast,data=%7B%22,curve_current,%22%3A%7B%22time%22%3A%7B%22starttime%22%3A,1529337600,%2C%22endtime%22%3A,1529423999,%2C%22timezone%22%3A%22,%2B08%3A00,%22%7D%2C%22filter%22%3A%22%22%2C%22range%22%3A%7B%22rangetype%22%3A%22site%22%2C%22sid%22%3A%22,78da903f,%22%2C%22rangeparam%22%3A%22,78da903f,%22%7D%2C%22parameter%22%3A%7B%22merge%22%3A%7B%22paramlist%22%3A%5B%5D%7D%7D%2C%22item%22%3A%7B%22token%22%3A%22,ZVw-mmKLmFLUsi9MkyAeRsVnCmPswrSCW1JzTA%3D%3D,%22%2C%22mainitem%22%3A%22,overview,%22%2C%22subitem%22%3A%22,ast,%22%7D%7D%7D,,,,,,,,,,,,,,,,,,,,,,
curve_current_abr,abr,data=%7B%22,curve_current,%22%3A%7B%22time%22%3A%7B%22starttime%22%3A,1529337600,%2C%22endtime%22%3A,1529423999,%2C%22timezone%22%3A%22,%2B08%3A00,%22%7D%2C%22filter%22%3A%22%22%2C%22range%22%3A%7B%22rangetype%22%3A%22site%22%2C%22sid%22%3A%22,78da903f,%22%2C%22rangeparam%22%3A%22,78da903f,%22%7D%2C%22parameter%22%3A%7B%22merge%22%3A%7B%22paramlist%22%3A%5B%5D%7D%7D%2C%22item%22%3A%7B%22token%22%3A%22,ZVw-mmKLmFLUsi9MkyAeRsVnCmPswrSCW1JzTA%3D%3D,%22%2C%22mainitem%22%3A%22,overview,%22%2C%22subitem%22%3A%22,abr,%22%7D%7D%7D,,,,,,,,,,,,,,,,,,,,,,
curve_current_alt,alt,data=%7B%22,curve_current,%22%3A%7B%22time%22%3A%7B%22starttime%22%3A,1529337600,%2C%22endtime%22%3A,1529423999,%2C%22timezone%22%3A%22,%2B08%3A00,%22%7D%2C%22filter%22%3A%22%22%2C%22range%22%3A%7B%22rangetype%22%3A%22site%22%2C%22sid%22%3A%22,78da903f,%22%2C%22rangeparam%22%3A%22,78da903f,%22%7D%2C%22parameter%22%3A%7B%22merge%22%3A%7B%22paramlist%22%3A%5B%5D%7D%7D%2C%22item%22%3A%7B%22token%22%3A%22,ZVw-mmKLmFLUsi9MkyAeRsVnCmPswrSCW1JzTA%3D%3D,%22%2C%22mainitem%22%3A%22,overview,%22%2C%22subitem%22%3A%22,alt,%22%7D%7D%7D,,,,,,,,,,,,,,,,,,,,,,
curve_current_cc,cc,data=%7B%22,curve_current,%22%3A%7B%22time%22%3A%7B%22starttime%22%3A,1529337600,%2C%22endtime%22%3A,1529423999,%2C%22timezone%22%3A%22,%2B08%3A00,%22%7D%2C%22filter%22%3A%22%22%2C%22range%22%3A%7B%22rangetype%22%3A%22site%22%2C%22sid%22%3A%22,78da903f,%22%2C%22rangeparam%22%3A%22,78da903f,%22%7D%2C%22parameter%22%3A%7B%22merge%22%3A%7B%22paramlist%22%3A%5B%5D%7D%7D%2C%22item%22%3A%7B%22token%22%3A%22,ZVw-mmKLmFLUsi9MkyAeRsVnCmPswrSCW1JzTA%3D%3D,%22%2C%22mainitem%22%3A%22,overview,%22%2C%22subitem%22%3A%22,cc,%22%7D%7D%7D,,,,,,,,,,,,,,,,,,,,,,
curve_current_acr,acr,data=%7B%22,curve_current,%22%3A%7B%22time%22%3A%7B%22starttime%22%3A,1529337600,%2C%22endtime%22%3A,1529423999,%2C%22timezone%22%3A%22,%2B08%3A00,%22%7D%2C%22filter%22%3A%22%22%2C%22range%22%3A%7B%22rangetype%22%3A%22site%22%2C%22sid%22%3A%22,78da903f,%22%2C%22rangeparam%22%3A%22,78da903f,%22%7D%2C%22parameter%22%3A%7B%22merge%22%3A%7B%22paramlist%22%3A%5B%5D%7D%7D%2C%22item%22%3A%7B%22token%22%3A%22,ZVw-mmKLmFLUsi9MkyAeRsVnCmPswrSCW1JzTA%3D%3D,%22%2C%22mainitem%22%3A%22,overview,%22%2C%22subitem%22%3A%22,acr,%22%7D%7D%7D,,,,,,,,,,,,,,,,,,,,,,
tab_srh,srh,data=%7B%22,tab,%22%3A%7B%22time%22%3A%7B%22starttime%22%3A,1529337600,%2C%22endtime%22%3A,1529423999,%2C%22timezone%22%3A%22,%2B08%3A00,%22%7D%2C%22filter%22%3A%22%22%2C%22range%22%3A%7B%22rangetype%22%3A%22site%22%2C%22sid%22%3A%22,78da903f,%22%2C%22rangeparam%22%3A%22,78da903f,%22%7D%2C%22parameter%22%3A%7B%22merge%22%3A%7B%22paramlist%22%3A%5B%5D%7D%7D%2C%22item%22%3A%7B%22token%22%3A%22,MVp-amNLiFoUIiHMAyWe5s8nBm3spreC%2B6mLgw%3D%3D,%22%2C%22mainitem%22%3A%22,source,%22%2C%22subitem%22%3A%22,srh,%22%2C%22sort%22%3A,2,%2C%22limit%22%3A10%7D%2C%22,conversion_target,%22%3A%22,all,%22%2C%22,conversion_target_name,%22%3A%22,All+conversions,%22%2C%22,search,%22%3A%7B%22,value,%22%3A%22%22%2C%22,field,%22%3A,1,%2C%22,state,%22%3A,0,%7D%7D%7D
tab_sru,sru,data=%7B%22,tab,%22%3A%7B%22time%22%3A%7B%22starttime%22%3A,1529337600,%2C%22endtime%22%3A,1529423999,%2C%22timezone%22%3A%22,%2B08%3A00,%22%7D%2C%22filter%22%3A%22%22%2C%22range%22%3A%7B%22rangetype%22%3A%22site%22%2C%22sid%22%3A%22,78da903f,%22%2C%22rangeparam%22%3A%22,78da903f,%22%7D%2C%22parameter%22%3A%7B%22merge%22%3A%7B%22paramlist%22%3A%5B%5D%7D%7D%2C%22item%22%3A%7B%22token%22%3A%22,MVp-amNLiFoUIiHMAyWe5s8nBm3spreC%2B6mLgw%3D%3D,%22%2C%22mainitem%22%3A%22,source,%22%2C%22subitem%22%3A%22,sru,%22%2C%22sort%22%3A,3,%2C%22limit%22%3A10%7D%2C%22,conversion_target,%22%3A%22,all,%22%2C%22,conversion_target_name,%22%3A%22,All+conversions,%22%2C%22,search,%22%3A%7B%22,value,%22%3A%22%22%2C%22,field,%22%3A,1,%2C%22,state,%22%3A,0,%7D%7D%7D
tab_scs,scs,data=%7B%22,tab,%22%3A%7B%22time%22%3A%7B%22starttime%22%3A,1529337600,%2C%22endtime%22%3A,1529423999,%2C%22timezone%22%3A%22,%2B08%3A00,%22%7D%2C%22filter%22%3A%22%22%2C%22range%22%3A%7B%22rangetype%22%3A%22site%22%2C%22sid%22%3A%22,78da903f,%22%2C%22rangeparam%22%3A%22,78da903f,%22%7D%2C%22parameter%22%3A%7B%22merge%22%3A%7B%22paramlist%22%3A%5B%5D%7D%7D%2C%22item%22%3A%7B%22token%22%3A%22,MVp-amNLiFoUIiHMAyWe5s8nBm3spreC%2B6mLgw%3D%3D,%22%2C%22mainitem%22%3A%22,source,%22%2C%22subitem%22%3A%22,scs,%22%2C%22sort%22%3A,2,%2C%22limit%22%3A10%7D%2C%22,conversion_target,%22%3A%22,all,%22%2C%22,conversion_target_name,%22%3A%22,All+conversions,%22%2C%22,search,%22%3A%7B%22,value,%22%3A%22%22%2C%22,field,%22%3A,1,%2C%22,state,%22%3A,0,%7D%7D%7D
tab_scu,scu,data=%7B%22,tab,%22%3A%7B%22time%22%3A%7B%22starttime%22%3A,1529337600,%2C%22endtime%22%3A,1529423999,%2C%22timezone%22%3A%22,%2B08%3A00,%22%7D%2C%22filter%22%3A%22%22%2C%22range%22%3A%7B%22rangetype%22%3A%22site%22%2C%22sid%22%3A%22,78da903f,%22%2C%22rangeparam%22%3A%22,78da903f,%22%7D%2C%22parameter%22%3A%7B%22merge%22%3A%7B%22paramlist%22%3A%5B%5D%7D%7D%2C%22item%22%3A%7B%22token%22%3A%22,MVp-amNLiFoUIiHMAyWe5s8nBm3spreC%2B6mLgw%3D%3D,%22%2C%22mainitem%22%3A%22,source,%22%2C%22subitem%22%3A%22,scu,%22%2C%22sort%22%3A,3,%2C%22limit%22%3A10%7D%2C%22,conversion_target,%22%3A%22,all,%22%2C%22,conversion_target_name,%22%3A%22,All+conversions,%22%2C%22,search,%22%3A%7B%22,value,%22%3A%22%22%2C%22,field,%22%3A,1,%2C%22,state,%22%3A,0,%7D%7D%7D
tab_sse,sse,data=%7B%22,tab,%22%3A%7B%22time%22%3A%7B%22starttime%22%3A,1529337600,%2C%22endtime%22%3A,1529423999,%2C%22timezone%22%3A%22,%2B08%3A00,%22%7D%2C%22filter%22%3A%22%22%2C%22range%22%3A%7B%22rangetype%22%3A%22site%22%2C%22sid%22%3A%22,78da903f,%22%2C%22rangeparam%22%3A%22,78da903f,%22%7D%2C%22parameter%22%3A%7B%22merge%22%3A%7B%22paramlist%22%3A%5B%5D%7D%7D%2C%22item%22%3A%7B%22token%22%3A%22,MVp-amNLiFoUIiHMAyWe5s8nBm3spreC%2B6mLgw%3D%3D,%22%2C%22mainitem%22%3A%22,source,%22%2C%22subitem%22%3A%22,sse,%22%2C%22sort%22%3A,2,%2C%22limit%22%3A10%7D%2C%22,conversion_target,%22%3A%22,all,%22%2C%22,conversion_target_name,%22%3A%22,All+conversions,%22%2C%22,search,%22%3A%7B%22,value,%22%3A%22%22%2C%22,field,%22%3A,1,%2C%22,state,%22%3A,0,%7D%7D%7D
tab_ssk,ssk,data=%7B%22,tab,%22%3A%7B%22time%22%3A%7B%22starttime%22%3A,1529337600,%2C%22endtime%22%3A,1529423999,%2C%22timezone%22%3A%22,%2B08%3A00,%22%7D%2C%22filter%22%3A%22%22%2C%22range%22%3A%7B%22rangetype%22%3A%22site%22%2C%22sid%22%3A%22,78da903f,%22%2C%22rangeparam%22%3A%22,78da903f,%22%7D%2C%22parameter%22%3A%7B%22merge%22%3A%7B%22paramlist%22%3A%5B%5D%7D%7D%2C%22item%22%3A%7B%22token%22%3A%22,MVp-amNLiFoUIiHMAyWe5s8nBm3spreC%2B6mLgw%3D%3D,%22%2C%22mainitem%22%3A%22,source,%22%2C%22subitem%22%3A%22,ssk,%22%2C%22sort%22%3A,3,%2C%22limit%22%3A10%7D%2C%22,conversion_target,%22%3A%22,all,%22%2C%22,conversion_target_name,%22%3A%22,All+conversions,%22%2C%22,search,%22%3A%7B%22,value,%22%3A%22%22%2C%22,field,%22%3A,1,%2C%22,state,%22%3A,0,%7D%7D%7D
tab_sk,sk,data=%7B%22,tab,%22%3A%7B%22time%22%3A%7B%22starttime%22%3A,1529337600,%2C%22endtime%22%3A,1529423999,%2C%22timezone%22%3A%22,%2B08%3A00,%22%7D%2C%22filter%22%3A%22%22%2C%22range%22%3A%7B%22rangetype%22%3A%22site%22%2C%22sid%22%3A%22,78da903f,%22%2C%22rangeparam%22%3A%22,78da903f,%22%7D%2C%22parameter%22%3A%7B%22merge%22%3A%7B%22paramlist%22%3A%5B%5D%7D%7D%2C%22item%22%3A%7B%22token%22%3A%22,MVp-amNLiFoUIiHMAyWe5s8nBm3spreC%2B6mLgw%3D%3D,%22%2C%22mainitem%22%3A%22,source,%22%2C%22subitem%22%3A%22,sk,%22%2C%22sort%22%3A,2,%2C%22limit%22%3A10%7D%2C%22,conversion_target,%22%3A%22,all,%22%2C%22,conversion_target_name,%22%3A%22,All+conversions,%22%2C%22,search,%22%3A%7B%22,value,%22%3A%22%22%2C%22,field,%22%3A,1,%2C%22,state,%22%3A,0,%7D%7D%7D
tab_sss,sss,data=%7B%22,tab,%22%3A%7B%22time%22%3A%7B%22starttime%22%3A,1529337600,%2C%22endtime%22%3A,1529423999,%2C%22timezone%22%3A%22,%2B08%3A00,%22%7D%2C%22filter%22%3A%22%22%2C%22range%22%3A%7B%22rangetype%22%3A%22site%22%2C%22sid%22%3A%22,78da903f,%22%2C%22rangeparam%22%3A%22,78da903f,%22%7D%2C%22parameter%22%3A%7B%22merge%22%3A%7B%22paramlist%22%3A%5B%5D%7D%7D%2C%22item%22%3A%7B%22token%22%3A%22,MVp-amNLiFoUIiHMAyWe5s8nBm3spreC%2B6mLgw%3D%3D,%22%2C%22mainitem%22%3A%22,source,%22%2C%22subitem%22%3A%22,sss,%22%2C%22sort%22%3A,2,%2C%22limit%22%3A10%7D%2C%22,conversion_target,%22%3A%22,all,%22%2C%22,conversion_target_name,%22%3A%22,All+conversions,%22%2C%22,search,%22%3A%7B%22,value,%22%3A%22%22%2C%22,field,%22%3A,1,%2C%22,state,%22%3A,0,%7D%7D%7D
tab_ssu,ssu,data=%7B%22,tab,%22%3A%7B%22time%22%3A%7B%22starttime%22%3A,1529337600,%2C%22endtime%22%3A,1529423999,%2C%22timezone%22%3A%22,%2B08%3A00,%22%7D%2C%22filter%22%3A%22%22%2C%22range%22%3A%7B%22rangetype%22%3A%22site%22%2C%22sid%22%3A%22,78da903f,%22%2C%22rangeparam%22%3A%22,78da903f,%22%7D%2C%22parameter%22%3A%7B%22merge%22%3A%7B%22paramlist%22%3A%5B%5D%7D%7D%2C%22item%22%3A%7B%22token%22%3A%22,MVp-amNLiFoUIiHMAyWe5s8nBm3spreC%2B6mLgw%3D%3D,%22%2C%22mainitem%22%3A%22,source,%22%2C%22subitem%22%3A%22,ssu,%22%2C%22sort%22%3A,3,%2C%22limit%22%3A10%7D%2C%22,conversion_target,%22%3A%22,all,%22%2C%22,conversion_target_name,%22%3A%22,All+conversions,%22%2C%22,search,%22%3A%7B%22,value,%22%3A%22%22%2C%22,field,%22%3A,1,%2C%22,state,%22%3A,0,%7D%7D%7D
tab_cpmp,cpmp,data=%7B%22,tab,%22%3A%7B%22time%22%3A%7B%22starttime%22%3A,1529337600,%2C%22endtime%22%3A,1529423999,%2C%22timezone%22%3A%22,%2B08%3A00,%22%7D%2C%22filter%22%3A%22%22%2C%22range%22%3A%7B%22rangetype%22%3A%22site%22%2C%22sid%22%3A%22,78da903f,%22%2C%22rangeparam%22%3A%22,78da903f,%22%7D%2C%22parameter%22%3A%7B%22merge%22%3A%7B%22paramlist%22%3A%5B%5D%7D%7D%2C%22item%22%3A%7B%22token%22%3A%22,MVp-amNLiFoUIiHMAyWe5s8nBm3spreC%2B6mLgw%3D%3D,%22%2C%22mainitem%22%3A%22,content,%22%2C%22subitem%22%3A%22,cpmp,%22%2C%22sort%22%3A,3,%2C%22limit%22%3A10%7D%2C%22,conversion_target,%22%3A%22,all,%22%2C%22,conversion_target_name,%22%3A%22,All+conversions,%22%2C%22,search,%22%3A%7B%22,value,%22%3A%22%22%2C%22,field,%22%3A,1,%2C%22,state,%22%3A,0,%7D%7D%7D
tab_cpu,cpu,data=%7B%22,tab,%22%3A%7B%22time%22%3A%7B%22starttime%22%3A,1529337600,%2C%22endtime%22%3A,1529423999,%2C%22timezone%22%3A%22,%2B08%3A00,%22%7D%2C%22filter%22%3A%22%22%2C%22range%22%3A%7B%22rangetype%22%3A%22site%22%2C%22sid%22%3A%22,78da903f,%22%2C%22rangeparam%22%3A%22,78da903f,%22%7D%2C%22parameter%22%3A%7B%22merge%22%3A%7B%22paramlist%22%3A%5B%5D%7D%7D%2C%22item%22%3A%7B%22token%22%3A%22,MVp-amNLiFoUIiHMAyWe5s8nBm3spreC%2B6mLgw%3D%3D,%22%2C%22mainitem%22%3A%22,content,%22%2C%22subitem%22%3A%22,cpu,%22%2C%22sort%22%3A,3,%2C%22limit%22%3A10%7D%2C%22,conversion_target,%22%3A%22,all,%22%2C%22,conversion_target_name,%22%3A%22,All+conversions,%22%2C%22,search,%22%3A%7B%22,value,%22%3A%22%22%2C%22,field,%22%3A,3,%2C%22,state,%22%3A,0,%7D%7D%7D
tab_cpgn,cpgn,data=%7B%22,tab,%22%3A%7B%22time%22%3A%7B%22starttime%22%3A,1529337600,%2C%22endtime%22%3A,1529423999,%2C%22timezone%22%3A%22,%2B08%3A00,%22%7D%2C%22filter%22%3A%22%22%2C%22range%22%3A%7B%22rangetype%22%3A%22site%22%2C%22sid%22%3A%22,78da903f,%22%2C%22rangeparam%22%3A%22,78da903f,%22%7D%2C%22parameter%22%3A%7B%22merge%22%3A%7B%22paramlist%22%3A%5B%5D%7D%7D%2C%22item%22%3A%7B%22token%22%3A%22,MVp-amNLiFoUIiHMAyWe5s8nBm3spreC%2B6mLgw%3D%3D,%22%2C%22mainitem%22%3A%22,content,%22%2C%22subitem%22%3A%22,cpgn,%22%2C%22sort%22%3A,3,%2C%22limit%22%3A10%7D%2C%22,conversion_target,%22%3A%22,all,%22%2C%22,conversion_target_name,%22%3A%22,All+conversions,%22%2C%22,search,%22%3A%7B%22,value,%22%3A%22%22%2C%22,field,%22%3A,1,%2C%22,state,%22%3A,0,%7D%7D%7D
tab_enmp,enmp,data=%7B%22,tab,%22%3A%7B%22time%22%3A%7B%22starttime%22%3A,1529337600,%2C%22endtime%22%3A,1529423999,%2C%22timezone%22%3A%22,%2B08%3A00,%22%7D%2C%22filter%22%3A%22%22%2C%22range%22%3A%7B%22rangetype%22%3A%22site%22%2C%22sid%22%3A%22,78da903f,%22%2C%22rangeparam%22%3A%22,78da903f,%22%7D%2C%22parameter%22%3A%7B%22merge%22%3A%7B%22paramlist%22%3A%5B%5D%7D%7D%2C%22item%22%3A%7B%22token%22%3A%22,MVp-amNLiFoUIiHMAyWe5s8nBm3spreC%2B6mLgw%3D%3D,%22%2C%22mainitem%22%3A%22,content,%22%2C%22subitem%22%3A%22,enmp,%22%2C%22sort%22%3A,2,%2C%22limit%22%3A10%7D%2C%22,conversion_target,%22%3A%22,all,%22%2C%22,conversion_target_name,%22%3A%22,All+conversions,%22%2C%22,search,%22%3A%7B%22,value,%22%3A%22%22%2C%22,field,%22%3A,1,%2C%22,state,%22%3A,0,%7D%7D%7D
tab_entrypage,entrypage,data=%7B%22,tab,%22%3A%7B%22time%22%3A%7B%22starttime%22%3A,1529337600,%2C%22endtime%22%3A,1529423999,%2C%22timezone%22%3A%22,%2B08%3A00,%22%7D%2C%22filter%22%3A%22%22%2C%22range%22%3A%7B%22rangetype%22%3A%22site%22%2C%22sid%22%3A%22,78da903f,%22%2C%22rangeparam%22%3A%22,78da903f,%22%7D%2C%22parameter%22%3A%7B%22merge%22%3A%7B%22paramlist%22%3A%5B%5D%7D%7D%2C%22item%22%3A%7B%22token%22%3A%22,MVp-amNLiFoUIiHMAyWe5s8nBm3spreC%2B6mLgw%3D%3D,%22%2C%22mainitem%22%3A%22,content,%22%2C%22subitem%22%3A%22,entrypage,%22%2C%22sort%22%3A,3,%2C%22limit%22%3A10%7D%2C%22,conversion_target,%22%3A%22,all,%22%2C%22,conversion_target_name,%22%3A%22,All+conversions,%22%2C%22,search,%22%3A%7B%22,value,%22%3A%22%22%2C%22,field,%22%3A,3,%2C%22,state,%22%3A,0,%7D%7D%7D
tab_tdb,tdb,data=%7B%22,tab,%22%3A%7B%22time%22%3A%7B%22starttime%22%3A,1529337600,%2C%22endtime%22%3A,1529423999,%2C%22timezone%22%3A%22,%2B08%3A00,%22%7D%2C%22filter%22%3A%22%22%2C%22range%22%3A%7B%22rangetype%22%3A%22site%22%2C%22sid%22%3A%22,78da903f,%22%2C%22rangeparam%22%3A%22,78da903f,%22%7D%2C%22parameter%22%3A%7B%22merge%22%3A%7B%22paramlist%22%3A%5B%5D%7D%7D%2C%22item%22%3A%7B%22token%22%3A%22,MVp-amNLiFoUIiHMAyWe5s8nBm3spreC%2B6mLgw%3D%3D,%22%2C%22mainitem%22%3A%22,technology,%22%2C%22subitem%22%3A%22,tdb,%22%2C%22sort%22%3A,2,%2C%22limit%22%3A10%7D%2C%22,conversion_target,%22%3A%22,all,%22%2C%22,conversion_target_name,%22%3A%22,All+conversions,%22%2C%22,search,%22%3A%7B%22,value,%22%3A%22%22%2C%22,field,%22%3A,1,%2C%22,state,%22%3A,0,%7D%7D%7D
tab_tdm,tdm,data=%7B%22,tab,%22%3A%7B%22time%22%3A%7B%22starttime%22%3A,1529337600,%2C%22endtime%22%3A,1529423999,%2C%22timezone%22%3A%22,%2B08%3A00,%22%7D%2C%22filter%22%3A%22%22%2C%22range%22%3A%7B%22rangetype%22%3A%22site%22%2C%22sid%22%3A%22,78da903f,%22%2C%22rangeparam%22%3A%22,78da903f,%22%7D%2C%22parameter%22%3A%7B%22merge%22%3A%7B%22paramlist%22%3A%5B%5D%7D%7D%2C%22item%22%3A%7B%22token%22%3A%22,MVp-amNLiFoUIiHMAyWe5s8nBm3spreC%2B6mLgw%3D%3D,%22%2C%22mainitem%22%3A%22,technology,%22%2C%22subitem%22%3A%22,tdm,%22%2C%22sort%22%3A,3,%2C%22limit%22%3A10%7D%2C%22,conversion_target,%22%3A%22,all,%22%2C%22,conversion_target_name,%22%3A%22,All+conversions,%22%2C%22,search,%22%3A%7B%22,value,%22%3A%22%22%2C%22,field,%22%3A,1,%2C%22,state,%22%3A,0,%7D%7D%7D
tab_tot,tot,data=%7B%22,tab,%22%3A%7B%22time%22%3A%7B%22starttime%22%3A,1529337600,%2C%22endtime%22%3A,1529423999,%2C%22timezone%22%3A%22,%2B08%3A00,%22%7D%2C%22filter%22%3A%22%22%2C%22range%22%3A%7B%22rangetype%22%3A%22site%22%2C%22sid%22%3A%22,78da903f,%22%2C%22rangeparam%22%3A%22,78da903f,%22%7D%2C%22parameter%22%3A%7B%22merge%22%3A%7B%22paramlist%22%3A%5B%5D%7D%7D%2C%22item%22%3A%7B%22token%22%3A%22,MVp-amNLiFoUIiHMAyWe5s8nBm3spreC%2B6mLgw%3D%3D,%22%2C%22mainitem%22%3A%22,technology,%22%2C%22subitem%22%3A%22,tot,%22%2C%22sort%22%3A,2,%2C%22limit%22%3A10%7D%2C%22,conversion_target,%22%3A%22,all,%22%2C%22,conversion_target_name,%22%3A%22,All+conversions,%22%2C%22,search,%22%3A%7B%22,value,%22%3A%22%22%2C%22,field,%22%3A,1,%2C%22,state,%22%3A,0,%7D%7D%7D
tab_tov,tov,data=%7B%22,tab,%22%3A%7B%22time%22%3A%7B%22starttime%22%3A,1529337600,%2C%22endtime%22%3A,1529423999,%2C%22timezone%22%3A%22,%2B08%3A00,%22%7D%2C%22filter%22%3A%22%22%2C%22range%22%3A%7B%22rangetype%22%3A%22site%22%2C%22sid%22%3A%22,78da903f,%22%2C%22rangeparam%22%3A%22,78da903f,%22%7D%2C%22parameter%22%3A%7B%22merge%22%3A%7B%22paramlist%22%3A%5B%5D%7D%7D%2C%22item%22%3A%7B%22token%22%3A%22,MVp-amNLiFoUIiHMAyWe5s8nBm3spreC%2B6mLgw%3D%3D,%22%2C%22mainitem%22%3A%22,technology,%22%2C%22subitem%22%3A%22,tov,%22%2C%22sort%22%3A,3,%2C%22limit%22%3A10%7D%2C%22,conversion_target,%22%3A%22,all,%22%2C%22,conversion_target_name,%22%3A%22,All+conversions,%22%2C%22,search,%22%3A%7B%22,value,%22%3A%22%22%2C%22,field,%22%3A,1,%2C%22,state,%22%3A,0,%7D%7D%7D
tab_tbt,tbt,data=%7B%22,tab,%22%3A%7B%22time%22%3A%7B%22starttime%22%3A,1529337600,%2C%22endtime%22%3A,1529423999,%2C%22timezone%22%3A%22,%2B08%3A00,%22%7D%2C%22filter%22%3A%22%22%2C%22range%22%3A%7B%22rangetype%22%3A%22site%22%2C%22sid%22%3A%22,78da903f,%22%2C%22rangeparam%22%3A%22,78da903f,%22%7D%2C%22parameter%22%3A%7B%22merge%22%3A%7B%22paramlist%22%3A%5B%5D%7D%7D%2C%22item%22%3A%7B%22token%22%3A%22,MVp-amNLiFoUIiHMAyWe5s8nBm3spreC%2B6mLgw%3D%3D,%22%2C%22mainitem%22%3A%22,technology,%22%2C%22subitem%22%3A%22,tbt,%22%2C%22sort%22%3A,2,%2C%22limit%22%3A10%7D%2C%22,conversion_target,%22%3A%22,all,%22%2C%22,conversion_target_name,%22%3A%22,All+conversions,%22%2C%22,search,%22%3A%7B%22,value,%22%3A%22%22%2C%22,field,%22%3A,1,%2C%22,state,%22%3A,0,%7D%7D%7D
tab_tbv,tbv,data=%7B%22,tab,%22%3A%7B%22time%22%3A%7B%22starttime%22%3A,1529337600,%2C%22endtime%22%3A,1529423999,%2C%22timezone%22%3A%22,%2B08%3A00,%22%7D%2C%22filter%22%3A%22%22%2C%22range%22%3A%7B%22rangetype%22%3A%22site%22%2C%22sid%22%3A%22,78da903f,%22%2C%22rangeparam%22%3A%22,78da903f,%22%7D%2C%22parameter%22%3A%7B%22merge%22%3A%7B%22paramlist%22%3A%5B%5D%7D%7D%2C%22item%22%3A%7B%22token%22%3A%22,MVp-amNLiFoUIiHMAyWe5s8nBm3spreC%2B6mLgw%3D%3D,%22%2C%22mainitem%22%3A%22,technology,%22%2C%22subitem%22%3A%22,tbv,%22%2C%22sort%22%3A,3,%2C%22limit%22%3A10%7D%2C%22,conversion_target,%22%3A%22,all,%22%2C%22,conversion_target_name,%22%3A%22,All+conversions,%22%2C%22,search,%22%3A%7B%22,value,%22%3A%22%22%2C%22,field,%22%3A,1,%2C%22,state,%22%3A,0,%7D%7D%7D
tab_tr,tr,data=%7B%22,tab,%22%3A%7B%22time%22%3A%7B%22starttime%22%3A,1529337600,%2C%22endtime%22%3A,1529423999,%2C%22timezone%22%3A%22,%2B08%3A00,%22%7D%2C%22filter%22%3A%22%22%2C%22range%22%3A%7B%22rangetype%22%3A%22site%22%2C%22sid%22%3A%22,78da903f,%22%2C%22rangeparam%22%3A%22,78da903f,%22%7D%2C%22parameter%22%3A%7B%22merge%22%3A%7B%22paramlist%22%3A%5B%5D%7D%7D%2C%22item%22%3A%7B%22token%22%3A%22,MVp-amNLiFoUIiHMAyWe5s8nBm3spreC%2B6mLgw%3D%3D,%22%2C%22mainitem%22%3A%22,technology,%22%2C%22subitem%22%3A%22,tr,%22%2C%22sort%22%3A,2,%2C%22limit%22%3A10%7D%2C%22,conversion_target,%22%3A%22,all,%22%2C%22,conversion_target_name,%22%3A%22,All+conversions,%22%2C%22,search,%22%3A%7B%22,value,%22%3A%22%22%2C%22,field,%22%3A,1,%2C%22,state,%22%3A,0,%7D%7D%7D
tab_lcountry,lcountry,data=%7B%22,tab,%22%3A%7B%22time%22%3A%7B%22starttime%22%3A,1529337600,%2C%22endtime%22%3A,1529423999,%2C%22timezone%22%3A%22,%2B08%3A00,%22%7D%2C%22filter%22%3A%22%22%2C%22range%22%3A%7B%22rangetype%22%3A%22site%22%2C%22sid%22%3A%22,78da903f,%22%2C%22rangeparam%22%3A%22,78da903f,%22%7D%2C%22parameter%22%3A%7B%22merge%22%3A%7B%22paramlist%22%3A%5B%5D%7D%7D%2C%22item%22%3A%7B%22token%22%3A%22,MVp-amNLiFoUIiHMAyWe5s8nBm3spreC%2B6mLgw%3D%3D,%22%2C%22mainitem%22%3A%22,location,%22%2C%22subitem%22%3A%22,lcountry,%22%2C%22sort%22%3A,3,%2C%22limit%22%3A10%7D%2C%22,conversion_target,%22%3A%22,all,%22%2C%22,conversion_target_name,%22%3A%22,All+conversions,%22%2C%22,search,%22%3A%7B%22,value,%22%3A%22%22%2C%22,field,%22%3A,1,%2C%22,state,%22%3A,0,%7D%7D%7D
tab_lregion,lregion,data=%7B%22,tab,%22%3A%7B%22time%22%3A%7B%22starttime%22%3A,1529337600,%2C%22endtime%22%3A,1529423999,%2C%22timezone%22%3A%22,%2B08%3A00,%22%7D%2C%22filter%22%3A%22%22%2C%22range%22%3A%7B%22rangetype%22%3A%22site%22%2C%22sid%22%3A%22,78da903f,%22%2C%22rangeparam%22%3A%22,78da903f,%22%7D%2C%22parameter%22%3A%7B%22merge%22%3A%7B%22paramlist%22%3A%5B%5D%7D%7D%2C%22item%22%3A%7B%22token%22%3A%22,MVp-amNLiFoUIiHMAyWe5s8nBm3spreC%2B6mLgw%3D%3D,%22%2C%22mainitem%22%3A%22,location,%22%2C%22subitem%22%3A%22,lregion,%22%2C%22sort%22%3A,2,%2C%22limit%22%3A10%7D%2C%22,conversion_target,%22%3A%22,all,%22%2C%22,conversion_target_name,%22%3A%22,All+conversions,%22%2C%22,search,%22%3A%7B%22,value,%22%3A%22%22%2C%22,field,%22%3A,1,%2C%22,state,%22%3A,0,%7D%7D%7D
tab_adn,adn,data=%7B%22,tab,%22%3A%7B%22time%22%3A%7B%22starttime%22%3A,1529337600,%2C%22endtime%22%3A,1529423999,%2C%22timezone%22%3A%22,%2B08%3A00,%22%7D%2C%22filter%22%3A%22%22%2C%22range%22%3A%7B%22rangetype%22%3A%22site%22%2C%22sid%22%3A%22,78da903f,%22%2C%22rangeparam%22%3A%22,78da903f,%22%7D%2C%22parameter%22%3A%7B%22merge%22%3A%7B%22paramlist%22%3A%5B%5D%7D%7D%2C%22item%22%3A%7B%22token%22%3A%22,MVp-amNLiFoUIiHMAyWe5s8nBm3spreC%2B6mLgw%3D%3D,%22%2C%22mainitem%22%3A%22,ad,%22%2C%22subitem%22%3A%22,adn,%22%2C%22sort%22%3A,2,%2C%22limit%22%3A10%7D%2C%22,conversion_target,%22%3A%22,all,%22%2C%22,conversion_target_name,%22%3A%22,All+conversions,%22%2C%22,search,%22%3A%7B%22,value,%22%3A%22%22%2C%22,field,%22%3A,1,%2C%22,state,%22%3A,0,%7D%7D%7D
tab_ads,ads,data=%7B%22,tab,%22%3A%7B%22time%22%3A%7B%22starttime%22%3A,1529337600,%2C%22endtime%22%3A,1529423999,%2C%22timezone%22%3A%22,%2B08%3A00,%22%7D%2C%22filter%22%3A%22%22%2C%22range%22%3A%7B%22rangetype%22%3A%22site%22%2C%22sid%22%3A%22,78da903f,%22%2C%22rangeparam%22%3A%22,78da903f,%22%7D%2C%22parameter%22%3A%7B%22merge%22%3A%7B%22paramlist%22%3A%5B%5D%7D%7D%2C%22item%22%3A%7B%22token%22%3A%22,MVp-amNLiFoUIiHMAyWe5s8nBm3spreC%2B6mLgw%3D%3D,%22%2C%22mainitem%22%3A%22,ad,%22%2C%22subitem%22%3A%22,ads,%22%2C%22sort%22%3A,3,%2C%22limit%22%3A10%7D%2C%22,conversion_target,%22%3A%22,all,%22%2C%22,conversion_target_name,%22%3A%22,All+conversions,%22%2C%22,search,%22%3A%7B%22,value,%22%3A%22%22%2C%22,field,%22%3A,1,%2C%22,state,%22%3A,0,%7D%7D%7D
tab_adm,adm,data=%7B%22,tab,%22%3A%7B%22time%22%3A%7B%22starttime%22%3A,1529337600,%2C%22endtime%22%3A,1529423999,%2C%22timezone%22%3A%22,%2B08%3A00,%22%7D%2C%22filter%22%3A%22%22%2C%22range%22%3A%7B%22rangetype%22%3A%22site%22%2C%22sid%22%3A%22,78da903f,%22%2C%22rangeparam%22%3A%22,78da903f,%22%7D%2C%22parameter%22%3A%7B%22merge%22%3A%7B%22paramlist%22%3A%5B%5D%7D%7D%2C%22item%22%3A%7B%22token%22%3A%22,MVp-amNLiFoUIiHMAyWe5s8nBm3spreC%2B6mLgw%3D%3D,%22%2C%22mainitem%22%3A%22,ad,%22%2C%22subitem%22%3A%22,adm,%22%2C%22sort%22%3A,3,%2C%22limit%22%3A10%7D%2C%22,conversion_target,%22%3A%22,all,%22%2C%22,conversion_target_name,%22%3A%22,All+conversions,%22%2C%22,search,%22%3A%7B%22,value,%22%3A%22%22%2C%22,field,%22%3A,1,%2C%22,state,%22%3A,0,%7D%7D%7D
tab_adt,adt,data=%7B%22,tab,%22%3A%7B%22time%22%3A%7B%22starttime%22%3A,1529337600,%2C%22endtime%22%3A,1529423999,%2C%22timezone%22%3A%22,%2B08%3A00,%22%7D%2C%22filter%22%3A%22%22%2C%22range%22%3A%7B%22rangetype%22%3A%22site%22%2C%22sid%22%3A%22,78da903f,%22%2C%22rangeparam%22%3A%22,78da903f,%22%7D%2C%22parameter%22%3A%7B%22merge%22%3A%7B%22paramlist%22%3A%5B%5D%7D%7D%2C%22item%22%3A%7B%22token%22%3A%22,MVp-amNLiFoUIiHMAyWe5s8nBm3spreC%2B6mLgw%3D%3D,%22%2C%22mainitem%22%3A%22,ad,%22%2C%22subitem%22%3A%22,adt,%22%2C%22sort%22%3A,3,%2C%22limit%22%3A10%7D%2C%22,conversion_target,%22%3A%22,all,%22%2C%22,conversion_target_name,%22%3A%22,All+conversions,%22%2C%22,search,%22%3A%7B%22,value,%22%3A%22%22%2C%22,field,%22%3A,1,%2C%22,state,%22%3A,0,%7D%7D%7D
tab_adc,adc,data=%7B%22,tab,%22%3A%7B%22time%22%3A%7B%22starttime%22%3A,1529337600,%2C%22endtime%22%3A,1529423999,%2C%22timezone%22%3A%22,%2B08%3A00,%22%7D%2C%22filter%22%3A%22%22%2C%22range%22%3A%7B%22rangetype%22%3A%22site%22%2C%22sid%22%3A%22,78da903f,%22%2C%22rangeparam%22%3A%22,78da903f,%22%7D%2C%22parameter%22%3A%7B%22merge%22%3A%7B%22paramlist%22%3A%5B%5D%7D%7D%2C%22item%22%3A%7B%22token%22%3A%22,MVp-amNLiFoUIiHMAyWe5s8nBm3spreC%2B6mLgw%3D%3D,%22%2C%22mainitem%22%3A%22,ad,%22%2C%22subitem%22%3A%22,adc,%22%2C%22sort%22%3A,3,%2C%22limit%22%3A10%7D%2C%22,conversion_target,%22%3A%22,all,%22%2C%22,conversion_target_name,%22%3A%22,All+conversions,%22%2C%22,search,%22%3A%7B%22,value,%22%3A%22%22%2C%22,field,%22%3A,1,%2C%22,state,%22%3A,0,%7D%7D%7D
dict,cvnact,data=%7B%22,dict,%22%3A%7B%22time%22%3A%7B%22starttime%22%3A,1529337600,%2C%22endtime%22%3A,1529423999,%2C%22timezone%22%3A%22,%2B08%3A00,%22%7D%2C%22filter%22%3A%22%22%2C%22range%22%3A%7B%22rangetype%22%3A%22site%22%2C%22sid%22%3A%22,78da903f,%22%2C%22rangeparam%22%3A%22,78da903f,%22%7D%2C%22parameter%22%3A%7B%22merge%22%3A%7B%22paramlist%22%3A%5B%5D%7D%7D%2C%22item%22%3A%7B%22token%22%3A%22,lVj-emjLVFSUtiYM7yXeTs6n%2Fm8sRr2CJ8paLQ%3D%3D,%22%2C%22mainitem%22%3A%22,overview,%22%2C%22subitem%22%3A%22,cvnact,%22%2C%22limit%22%3A10%7D%7D%7D,,,,,,,,,,,,,,,,,,,,,,
