SITE_DC_Overview_Base,data=%7B%22,dc_obase,%22%3A%7B%22time%22%3A%7B%22starttime%22%3A,%2C%22endtime%22%3A,%2C%22timezone%22%3A%22,%2B09%3A00,%22%7D%2C%22filter%22%3A%22%22%2C%22range%22%3A%7B%22rangetype%22%3A%22,site,%22%2C%22sid%22%3A%22,%22%2C%22rangeparam%22%3A%22,%22%7D%2C%22item%22%3A%7B%22token%22%3A%22,%22%2C%22mainitem%22%3A%22,overview,%22%2C%22subitem%22%3A%22,overview,%22%7D%7D%7D,overview,"""fun"":""dc_obase"""
SITE_DC_Overview_Sources,data=%7B%22,dc_osource,%22%3A%7B%22time%22%3A%7B%22starttime%22%3A,%2C%22endtime%22%3A,%2C%22timezone%22%3A%22,%2B09%3A00,%22%7D%2C%22filter%22%3A%22%22%2C%22range%22%3A%7B%22rangetype%22%3A%22,site,%22%2C%22sid%22%3A%22,%22%2C%22rangeparam%22%3A%22,%22%7D%2C%22item%22%3A%7B%22token%22%3A%22,%22%2C%22mainitem%22%3A%22,overview,%22%2C%22subitem%22%3A%22,overview,%22%2C%22limit%22%3A50%7D%7D%7D,campaign,"""fun"":""dc_osource"""
SITE_DC_Overview_Device,data=%7B%22,dc_oplatform,%22%3A%7B%22time%22%3A%7B%22starttime%22%3A,%2C%22endtime%22%3A,%2C%22timezone%22%3A%22,%2B09%3A00,%22%7D%2C%22filter%22%3A%22%22%2C%22range%22%3A%7B%22rangetype%22%3A%22,site,%22%2C%22sid%22%3A%22,%22%2C%22rangeparam%22%3A%22,%22%7D%2C%22item%22%3A%7B%22token%22%3A%22,%22%2C%22mainitem%22%3A%22,overview,%22%2C%22subitem%22%3A%22,overview,%22%7D%7D%7D,pc,"""fun"":""dc_oplatform"""
SITE_DC_Overview_OS,data=%7B%22,dc_ooslist,%22%3A%7B%22time%22%3A%7B%22starttime%22%3A,%2C%22endtime%22%3A,%2C%22timezone%22%3A%22,%2B09%3A00,%22%7D%2C%22filter%22%3A%22%22%2C%22range%22%3A%7B%22rangetype%22%3A%22,site,%22%2C%22sid%22%3A%22,%22%2C%22rangeparam%22%3A%22,%22%7D%2C%22item%22%3A%7B%22token%22%3A%22,%22%2C%22mainitem%22%3A%22,overview,%22%2C%22subitem%22%3A%22,overview,%22%2C%22limit%22%3A50%7D%7D%7D,value,"""fun"":""dc_ooslist"""
SITE_DC_Overview_Browser,data=%7B%22,dc_obrowserlist,%22%3A%7B%22time%22%3A%7B%22starttime%22%3A,%2C%22endtime%22%3A,%2C%22timezone%22%3A%22,%2B09%3A00,%22%7D%2C%22filter%22%3A%22%22%2C%22range%22%3A%7B%22rangetype%22%3A%22,site,%22%2C%22sid%22%3A%22,%22%2C%22rangeparam%22%3A%22,%22%7D%2C%22item%22%3A%7B%22token%22%3A%22,%22%2C%22mainitem%22%3A%22,overview,%22%2C%22subitem%22%3A%22,overview,%22%2C%22limit%22%3A50%7D%7D%7D,,"""fun"":""dc_obrowserlist"""
SITE_DC_Overview_Pages,data=%7B%22,dc_opages,%22%3A%7B%22time%22%3A%7B%22starttime%22%3A,%2C%22endtime%22%3A,%2C%22timezone%22%3A%22,%2B09%3A00,%22%7D%2C%22filter%22%3A%22%22%2C%22range%22%3A%7B%22rangetype%22%3A%22,site,%22%2C%22sid%22%3A%22,%22%2C%22rangeparam%22%3A%22,%22%7D%2C%22item%22%3A%7B%22token%22%3A%22,%22%2C%22mainitem%22%3A%22,overview,%22%2C%22subitem%22%3A%22,overview,%22%2C%22limit%22%3A50%7D%7D%7D,"""pages","""fun"":""dc_opages"""
SITE_DC_Overview_Location,data=%7B%22,dc_olocation,%22%3A%7B%22time%22%3A%7B%22starttime%22%3A,%2C%22endtime%22%3A,%2C%22timezone%22%3A%22,%2B09%3A00,%22%7D%2C%22filter%22%3A%22%22%2C%22range%22%3A%7B%22rangetype%22%3A%22,site,%22%2C%22sid%22%3A%22,%22%2C%22rangeparam%22%3A%22,%22%7D%2C%22item%22%3A%7B%22token%22%3A%22,%22%2C%22mainitem%22%3A%22,overview,%22%2C%22subitem%22%3A%22,overview,%22%2C%22limit%22%3A50%7D%7D%7D,"""location""","""fun"":""dc_olocation"""
SITE_DC_Overview_Base_UV,data=%7B%22,dc_obaseuv,%22%3A%7B%22time%22%3A%7B%22starttime%22%3A,%2C%22endtime%22%3A,%2C%22timezone%22%3A%22,%2B09%3A00,%22%7D%2C%22filter%22%3A%22%22%2C%22range%22%3A%7B%22rangetype%22%3A%22,site,%22%2C%22sid%22%3A%22,%22%2C%22rangeparam%22%3A%22,%22%7D%2C%22item%22%3A%7B%22token%22%3A%22,%22%2C%22mainitem%22%3A%22,overview,%22%2C%22subitem%22%3A%22,overview,%22%7D%7D%7D,,"""fun"":""dc_obaseuv"""
SITE_DC_Sources_Overview_Keyword,data=%7B%22,dc_skeyword,%22%3A%7B%22time%22%3A%7B%22starttime%22%3A,%2C%22endtime%22%3A,%2C%22timezone%22%3A%22,%2B09%3A00,%22%7D%2C%22filter%22%3A%22%22%2C%22range%22%3A%7B%22rangetype%22%3A%22,site,%22%2C%22sid%22%3A%22,%22%2C%22rangeparam%22%3A%22,%22%7D%2C%22item%22%3A%7B%22token%22%3A%22,%22%2C%22mainitem%22%3A%22,sources,%22%2C%22subitem%22%3A%22,overview,%22%2C%22limit%22%3A50%7D%7D%7D,"""keyword""","""fun"":""dc_skeyword"""
SITE_DC_Sources_Campaign_Source_Tab,data=%7B%22,tab,%22%3A%7B%22time%22%3A%7B%22starttime%22%3A,%2C%22endtime%22%3A,%2C%22timezone%22%3A%22,%2B09%3A00,%22%7D%2C%22filter%22%3A%22%22%2C%22range%22%3A%7B%22rangetype%22%3A%22,site,%22%2C%22sid%22%3A%22,%22%2C%22rangeparam%22%3A%22,%22%7D%2C%22item%22%3A%7B%22token%22%3A%22,%22%2C%22mainitem%22%3A%22,source,%22%2C%22subitem%22%3A%22,scs,%22%2C%22sort%22%3A2%2C%22limit%22%3A50%7D%2C%22search%22%3A%7B%22value%22%3A%22%22%2C%22field%22%3A2%2C%22state%22%3A0%7D%7D%7D,"""campaign""","""fun"":""scs"""
SITE_DC_Sources_Campaign_URL_Tab,data=%7B%22,tab,%22%3A%7B%22time%22%3A%7B%22starttime%22%3A,%2C%22endtime%22%3A,%2C%22timezone%22%3A%22,%2B09%3A00,%22%7D%2C%22filter%22%3A%22%22%2C%22range%22%3A%7B%22rangetype%22%3A%22,site,%22%2C%22sid%22%3A%22,%22%2C%22rangeparam%22%3A%22,%22%7D%2C%22item%22%3A%7B%22token%22%3A%22,%22%2C%22mainitem%22%3A%22,source,%22%2C%22subitem%22%3A%22,scu,%22%2C%22sort%22%3A2%2C%22limit%22%3A50%7D%2C%22search%22%3A%7B%22value%22%3A%22%22%2C%22field%22%3A2%2C%22state%22%3A0%7D%7D%7D,"""url""","""fun"":""scu"""
SITE_DC_Sources_Referral_ReferringWebsite_Tab,data=%7B%22,tab,%22%3A%7B%22time%22%3A%7B%22starttime%22%3A,%2C%22endtime%22%3A,%2C%22timezone%22%3A%22,%2B09%3A00,%22%7D%2C%22filter%22%3A%22%22%2C%22range%22%3A%7B%22rangetype%22%3A%22,site,%22%2C%22sid%22%3A%22,%22%2C%22rangeparam%22%3A%22,%22%7D%2C%22item%22%3A%7B%22token%22%3A%22,%22%2C%22mainitem%22%3A%22,source,%22%2C%22subitem%22%3A%22,srh,%22%2C%22sort%22%3A2%2C%22limit%22%3A50%7D%2C%22search%22%3A%7B%22value%22%3A%22%22%2C%22field%22%3A2%2C%22state%22%3A0%7D%7D%7D,"""hostname""","""fun"":""srh"""
SITE_DC_Sources_Referral_URL_Tab,data=%7B%22,tab,%22%3A%7B%22time%22%3A%7B%22starttime%22%3A,%2C%22endtime%22%3A,%2C%22timezone%22%3A%22,%2B09%3A00,%22%7D%2C%22filter%22%3A%22%22%2C%22range%22%3A%7B%22rangetype%22%3A%22,site,%22%2C%22sid%22%3A%22,%22%2C%22rangeparam%22%3A%22,%22%7D%2C%22item%22%3A%7B%22token%22%3A%22,%22%2C%22mainitem%22%3A%22,source,%22%2C%22subitem%22%3A%22,sru,%22%2C%22sort%22%3A2%2C%22limit%22%3A50%7D%2C%22search%22%3A%7B%22value%22%3A%22%22%2C%22field%22%3A2%2C%22state%22%3A0%7D%7D%7D,"""url""","""fun"":""sru"""
SITE_DC_Sources_Search_Search_Tab,data=%7B%22,tab,%22%3A%7B%22time%22%3A%7B%22starttime%22%3A,%2C%22endtime%22%3A,%2C%22timezone%22%3A%22,%2B09%3A00,%22%7D%2C%22filter%22%3A%22%22%2C%22range%22%3A%7B%22rangetype%22%3A%22,site,%22%2C%22sid%22%3A%22,%22%2C%22rangeparam%22%3A%22,%22%7D%2C%22item%22%3A%7B%22token%22%3A%22,%22%2C%22mainitem%22%3A%22,source,%22%2C%22subitem%22%3A%22,sse,%22%2C%22sort%22%3A2%2C%22limit%22%3A50%7D%2C%22search%22%3A%7B%22value%22%3A%22%22%2C%22field%22%3A2%2C%22state%22%3A0%7D%7D%7D,"""engine""","""fun"":""sse"""
SITE_DC_Sources_Search_Keyword_Tab,data=%7B%22,tab,%22%3A%7B%22time%22%3A%7B%22starttime%22%3A,%2C%22endtime%22%3A,%2C%22timezone%22%3A%22,%2B09%3A00,%22%7D%2C%22filter%22%3A%22%22%2C%22range%22%3A%7B%22rangetype%22%3A%22,site,%22%2C%22sid%22%3A%22,%22%2C%22rangeparam%22%3A%22,%22%7D%2C%22item%22%3A%7B%22token%22%3A%22,%22%2C%22mainitem%22%3A%22,source,%22%2C%22subitem%22%3A%22,ssk,%22%2C%22sort%22%3A2%2C%22limit%22%3A50%7D%2C%22search%22%3A%7B%22value%22%3A%22%22%2C%22field%22%3A2%2C%22state%22%3A0%7D%7D%7D,"""keyword""","""fun"":""ssk"""
SITE_DC_Sources_Keyword_Keyword_Tab,data=%7B%22,tab,%22%3A%7B%22time%22%3A%7B%22starttime%22%3A,%2C%22endtime%22%3A,%2C%22timezone%22%3A%22,%2B09%3A00,%22%7D%2C%22filter%22%3A%22%22%2C%22range%22%3A%7B%22rangetype%22%3A%22,site,%22%2C%22sid%22%3A%22,%22%2C%22rangeparam%22%3A%22,%22%7D%2C%22item%22%3A%7B%22token%22%3A%22,%22%2C%22mainitem%22%3A%22,source,%22%2C%22subitem%22%3A%22,sk,%22%2C%22sort%22%3A2%2C%22limit%22%3A50%7D%2C%22search%22%3A%7B%22value%22%3A%22%22%2C%22field%22%3A2%2C%22state%22%3A0%7D%7D%7D,"""keywords""","""fun"":""sk"""
SITE_DC_Sources_SocialMedia_Website_Tab,data=%7B%22,tab,%22%3A%7B%22time%22%3A%7B%22starttime%22%3A,%2C%22endtime%22%3A,%2C%22timezone%22%3A%22,%2B09%3A00,%22%7D%2C%22filter%22%3A%22%22%2C%22range%22%3A%7B%22rangetype%22%3A%22,site,%22%2C%22sid%22%3A%22,%22%2C%22rangeparam%22%3A%22,%22%7D%2C%22item%22%3A%7B%22token%22%3A%22,%22%2C%22mainitem%22%3A%22,source,%22%2C%22subitem%22%3A%22,sss,%22%2C%22sort%22%3A2%2C%22limit%22%3A50%7D%2C%22search%22%3A%7B%22value%22%3A%22%22%2C%22field%22%3A2%2C%22state%22%3A0%7D%7D%7D,"""site""","""fun"":""sss"""
SITE_DC_Sources_SocialMedia_URL_Tab,data=%7B%22,tab,%22%3A%7B%22time%22%3A%7B%22starttime%22%3A,%2C%22endtime%22%3A,%2C%22timezone%22%3A%22,%2B09%3A00,%22%7D%2C%22filter%22%3A%22%22%2C%22range%22%3A%7B%22rangetype%22%3A%22,site,%22%2C%22sid%22%3A%22,%22%2C%22rangeparam%22%3A%22,%22%7D%2C%22item%22%3A%7B%22token%22%3A%22,%22%2C%22mainitem%22%3A%22,source,%22%2C%22subitem%22%3A%22,ssu,%22%2C%22sort%22%3A2%2C%22limit%22%3A50%7D%2C%22search%22%3A%7B%22value%22%3A%22%22%2C%22field%22%3A2%2C%22state%22%3A0%7D%7D%7D,"""url""","""fun"":""ssu"""
SITE_DC_Content_Page_CombinedPages_Tab,data=%7B%22,tab,%22%3A%7B%22time%22%3A%7B%22starttime%22%3A,%2C%22endtime%22%3A,%2C%22timezone%22%3A%22,%2B09%3A00,%22%7D%2C%22filter%22%3A%22%22%2C%22range%22%3A%7B%22rangetype%22%3A%22,site,%22%2C%22sid%22%3A%22,%22%2C%22rangeparam%22%3A%22,%22%7D%2C%22item%22%3A%7B%22token%22%3A%22,%22%2C%22mainitem%22%3A%22,content,%22%2C%22subitem%22%3A%22,cpu,%22%2C%22sort%22%3A2%2C%22limit%22%3A50%7D%2C%22search%22%3A%7B%22value%22%3A%22%22%2C%22field%22%3A4%2C%22state%22%3A0%7D%7D%7D,"""url""","""fun"":""cpu"""
SITE_DC_Content_Page_OriginalPages_Tab,data=%7B%22,tab,%22%3A%7B%22time%22%3A%7B%22starttime%22%3A,%2C%22endtime%22%3A,%2C%22timezone%22%3A%22,%2B09%3A00,%22%7D%2C%22filter%22%3A%22%22%2C%22range%22%3A%7B%22rangetype%22%3A%22,site,%22%2C%22sid%22%3A%22,%22%2C%22rangeparam%22%3A%22,%22%7D%2C%22item%22%3A%7B%22token%22%3A%22,%22%2C%22mainitem%22%3A%22,content,%22%2C%22subitem%22%3A%22,cpmp,%22%2C%22sort%22%3A2%2C%22limit%22%3A50%7D%2C%22search%22%3A%7B%22value%22%3A%22%22%2C%22field%22%3A2%2C%22state%22%3A0%7D%7D%7D,"""url""","""fun"":""cpmp"""
SITE_DC_Content_PageGroup_PageGroup_Tab,data=%7B%22,tab,%22%3A%7B%22time%22%3A%7B%22starttime%22%3A,%2C%22endtime%22%3A,%2C%22timezone%22%3A%22,%2B09%3A00,%22%7D%2C%22filter%22%3A%22%22%2C%22range%22%3A%7B%22rangetype%22%3A%22,site,%22%2C%22sid%22%3A%22,%22%2C%22rangeparam%22%3A%22,%22%7D%2C%22item%22%3A%7B%22token%22%3A%22,%22%2C%22mainitem%22%3A%22,content,%22%2C%22subitem%22%3A%22,cpgn,%22%2C%22sort%22%3A2%2C%22limit%22%3A50%7D%2C%22search%22%3A%7B%22value%22%3A%22%22%2C%22field%22%3A2%2C%22state%22%3A0%7D%7D%7D,"""groupname""","""fun"":""cpgn"""
SITE_DC_Content_EntryPage_CombinedPages_Tab,data=%7B%22,tab,%22%3A%7B%22time%22%3A%7B%22starttime%22%3A,%2C%22endtime%22%3A,%2C%22timezone%22%3A%22,%2B09%3A00,%22%7D%2C%22filter%22%3A%22%22%2C%22range%22%3A%7B%22rangetype%22%3A%22,site,%22%2C%22sid%22%3A%22,%22%2C%22rangeparam%22%3A%22,%22%7D%2C%22item%22%3A%7B%22token%22%3A%22,%22%2C%22mainitem%22%3A%22,content,%22%2C%22subitem%22%3A%22,entrypage,%22%2C%22sort%22%3A2%2C%22limit%22%3A50%7D%2C%22search%22%3A%7B%22value%22%3A%22%22%2C%22field%22%3A4%2C%22state%22%3A0%7D%7D%7D,"""url""","""fun"":""entrypage"""
SITE_DC_Content_EntryPage_OriginalPages_Tab,data=%7B%22,tab,%22%3A%7B%22time%22%3A%7B%22starttime%22%3A,%2C%22endtime%22%3A,%2C%22timezone%22%3A%22,%2B09%3A00,%22%7D%2C%22filter%22%3A%22%22%2C%22range%22%3A%7B%22rangetype%22%3A%22,site,%22%2C%22sid%22%3A%22,%22%2C%22rangeparam%22%3A%22,%22%7D%2C%22item%22%3A%7B%22token%22%3A%22,%22%2C%22mainitem%22%3A%22,content,%22%2C%22subitem%22%3A%22,enmp,%22%2C%22sort%22%3A2%2C%22limit%22%3A50%7D%2C%22search%22%3A%7B%22value%22%3A%22%22%2C%22field%22%3A2%2C%22state%22%3A0%7D%7D%7D,"""url""","""fun"":""enmp"""
SITE_DC_Device_Overview,data=%7B%22,dc_techunion,%22%3A%7B%22time%22%3A%7B%22starttime%22%3A,%2C%22endtime%22%3A,%2C%22timezone%22%3A%22,%2B09%3A00,%22%7D%2C%22filter%22%3A%22%22%2C%22range%22%3A%7B%22rangetype%22%3A%22,site,%22%2C%22sid%22%3A%22,%22%2C%22rangeparam%22%3A%22,%22%7D%2C%22item%22%3A%7B%22token%22%3A%22,%22%2C%22mainitem%22%3A%22,technology,%22%2C%22subitem%22%3A%22,union,%22%2C%22limit%22%3A50%7D%7D%7D,,"""fun"":""dc_techunion"""
SITE_DC_Device_Technology_Brand_Tab,data=%7B%22,tab,%22%3A%7B%22time%22%3A%7B%22starttime%22%3A,%2C%22endtime%22%3A,%2C%22timezone%22%3A%22,%2B09%3A00,%22%7D%2C%22filter%22%3A%22%22%2C%22range%22%3A%7B%22rangetype%22%3A%22,site,%22%2C%22sid%22%3A%22,%22%2C%22rangeparam%22%3A%22,%22%7D%2C%22item%22%3A%7B%22token%22%3A%22,%22%2C%22mainitem%22%3A%22,technology,%22%2C%22subitem%22%3A%22,tdb,%22%2C%22sort%22%3A2%2C%22limit%22%3A50%7D%2C%22search%22%3A%7B%22value%22%3A%22%22%2C%22field%22%3A2%2C%22state%22%3A0%7D%7D%7D,"""brand""","""fun"":""tdb"""
SITE_DC_Device_Technology_Model_Tab,data=%7B%22,tab,%22%3A%7B%22time%22%3A%7B%22starttime%22%3A,%2C%22endtime%22%3A,%2C%22timezone%22%3A%22,%2B09%3A00,%22%7D%2C%22filter%22%3A%22%22%2C%22range%22%3A%7B%22rangetype%22%3A%22,site,%22%2C%22sid%22%3A%22,%22%2C%22rangeparam%22%3A%22,%22%7D%2C%22item%22%3A%7B%22token%22%3A%22,%22%2C%22mainitem%22%3A%22,technology,%22%2C%22subitem%22%3A%22,tdm,%22%2C%22sort%22%3A2%2C%22limit%22%3A50%7D%2C%22search%22%3A%7B%22value%22%3A%22%22%2C%22field%22%3A2%2C%22state%22%3A0%7D%7D%7D,"""model""","""fun"":""tdm"""
SITE_DC_Device_OS_OS_Tab,data=%7B%22,tab,%22%3A%7B%22time%22%3A%7B%22starttime%22%3A,%2C%22endtime%22%3A,%2C%22timezone%22%3A%22,%2B09%3A00,%22%7D%2C%22filter%22%3A%22%22%2C%22range%22%3A%7B%22rangetype%22%3A%22,site,%22%2C%22sid%22%3A%22,%22%2C%22rangeparam%22%3A%22,%22%7D%2C%22item%22%3A%7B%22token%22%3A%22,%22%2C%22mainitem%22%3A%22,technology,%22%2C%22subitem%22%3A%22,tot,%22%2C%22sort%22%3A2%2C%22limit%22%3A50%7D%2C%22search%22%3A%7B%22value%22%3A%22%22%2C%22field%22%3A2%2C%22state%22%3A0%7D%7D%7D,"""ostype""","""fun"":""tot"""
SITE_DC_Device_OS_Version_Tab,data=%7B%22,tab,%22%3A%7B%22time%22%3A%7B%22starttime%22%3A,%2C%22endtime%22%3A,%2C%22timezone%22%3A%22,%2B09%3A00,%22%7D%2C%22filter%22%3A%22%22%2C%22range%22%3A%7B%22rangetype%22%3A%22,site,%22%2C%22sid%22%3A%22,%22%2C%22rangeparam%22%3A%22,%22%7D%2C%22item%22%3A%7B%22token%22%3A%22,%22%2C%22mainitem%22%3A%22,technology,%22%2C%22subitem%22%3A%22,tov,%22%2C%22sort%22%3A2%2C%22limit%22%3A50%7D%2C%22search%22%3A%7B%22value%22%3A%22%22%2C%22field%22%3A2%2C%22state%22%3A0%7D%7D%7D,"""version""","""fun"":""tov"""
SITE_DC_Device_Browser_Browser_Tab,data=%7B%22,tab,%22%3A%7B%22time%22%3A%7B%22starttime%22%3A,%2C%22endtime%22%3A,%2C%22timezone%22%3A%22,%2B09%3A00,%22%7D%2C%22filter%22%3A%22%22%2C%22range%22%3A%7B%22rangetype%22%3A%22,site,%22%2C%22sid%22%3A%22,%22%2C%22rangeparam%22%3A%22,%22%7D%2C%22item%22%3A%7B%22token%22%3A%22,%22%2C%22mainitem%22%3A%22,technology,%22%2C%22subitem%22%3A%22,tbt,%22%2C%22sort%22%3A2%2C%22limit%22%3A50%7D%2C%22search%22%3A%7B%22value%22%3A%22%22%2C%22field%22%3A2%2C%22state%22%3A0%7D%7D%7D,"""browsertype""","""fun"":""tbt"""
SITE_DC_Device_Browser_Version_Tab,data=%7B%22,tab,%22%3A%7B%22time%22%3A%7B%22starttime%22%3A,%2C%22endtime%22%3A,%2C%22timezone%22%3A%22,%2B09%3A00,%22%7D%2C%22filter%22%3A%22%22%2C%22range%22%3A%7B%22rangetype%22%3A%22,site,%22%2C%22sid%22%3A%22,%22%2C%22rangeparam%22%3A%22,%22%7D%2C%22item%22%3A%7B%22token%22%3A%22,%22%2C%22mainitem%22%3A%22,technology,%22%2C%22subitem%22%3A%22,tbv,%22%2C%22sort%22%3A2%2C%22limit%22%3A50%7D%2C%22search%22%3A%7B%22value%22%3A%22%22%2C%22field%22%3A2%2C%22state%22%3A0%7D%7D%7D,"""version""","""fun"":""tbv"""
SITE_DC_Device_Resolution_Resolution_Tab,data=%7B%22,tab,%22%3A%7B%22time%22%3A%7B%22starttime%22%3A,%2C%22endtime%22%3A,%2C%22timezone%22%3A%22,%2B09%3A00,%22%7D%2C%22filter%22%3A%22%22%2C%22range%22%3A%7B%22rangetype%22%3A%22,site,%22%2C%22sid%22%3A%22,%22%2C%22rangeparam%22%3A%22,%22%7D%2C%22item%22%3A%7B%22token%22%3A%22,%22%2C%22mainitem%22%3A%22,technology,%22%2C%22subitem%22%3A%22,tr,%22%2C%22sort%22%3A2%2C%22limit%22%3A50%7D%2C%22search%22%3A%7B%22value%22%3A%22%22%2C%22field%22%3A2%2C%22state%22%3A0%7D%7D%7D,"""resolution""","""fun"":""tr"""
SITE_DC_Location_Map,data=%7B%22,dc_map,%22%3A%7B%22time%22%3A%7B%22starttime%22%3A,%2C%22endtime%22%3A,%2C%22timezone%22%3A%22,%2B09%3A00,%22%7D%2C%22filter%22%3A%22%22%2C%22range%22%3A%7B%22rangetype%22%3A%22,site,%22%2C%22sid%22%3A%22,%22%2C%22rangeparam%22%3A%22,%22%7D%2C%22item%22%3A%7B%22token%22%3A%22,%22%2C%22mainitem%22%3A%22,overview,%22%2C%22subitem%22%3A%22,overview,%22%2C%22limit%22%3A50%7D%7D%7D,map,"""fun"":""dc_map"""
SITE_DC_Location_Country,data=%7B%22,tab,%22%3A%7B%22time%22%3A%7B%22starttime%22%3A,%2C%22endtime%22%3A,%2C%22timezone%22%3A%22,%2B09%3A00,%22%7D%2C%22filter%22%3A%22%22%2C%22range%22%3A%7B%22rangetype%22%3A%22,site,%22%2C%22sid%22%3A%22,%22%2C%22rangeparam%22%3A%22,%22%7D%2C%22item%22%3A%7B%22token%22%3A%22,%22%2C%22mainitem%22%3A%22,location,%22%2C%22subitem%22%3A%22,lcountry,%22%2C%22sort%22%3A2%2C%22limit%22%3A50%7D%2C%22search%22%3A%7B%22value%22%3A%22%22%2C%22field%22%3A2%2C%22state%22%3A0%7D%7D%7D,country,"""fun"":""lcountry"""
SITE_DC_Location_StateCity,data=%7B%22,tab,%22%3A%7B%22time%22%3A%7B%22starttime%22%3A,%2C%22endtime%22%3A,%2C%22timezone%22%3A%22,%2B09%3A00,%22%7D%2C%22filter%22%3A%22%22%2C%22range%22%3A%7B%22rangetype%22%3A%22,site,%22%2C%22sid%22%3A%22,%22%2C%22rangeparam%22%3A%22,%22%7D%2C%22item%22%3A%7B%22token%22%3A%22,%22%2C%22mainitem%22%3A%22,location,%22%2C%22subitem%22%3A%22,lregion,%22%2C%22sort%22%3A2%2C%22limit%22%3A50%7D%2C%22search%22%3A%7B%22value%22%3A%22%22%2C%22field%22%3A2%2C%22state%22%3A0%7D%7D%7D,region,"""fun"":""lregion"""
SITE_DC_Campaign_Overview_CampaignName_Tab,data=%7B%22,tab,%22%3A%7B%22time%22%3A%7B%22starttime%22%3A,%2C%22endtime%22%3A,%2C%22timezone%22%3A%22,%2B09%3A00,%22%7D%2C%22filter%22%3A%22%22%2C%22range%22%3A%7B%22rangetype%22%3A%22,site,%22%2C%22sid%22%3A%22,%22%2C%22rangeparam%22%3A%22,%22%7D%2C%22item%22%3A%7B%22token%22%3A%22,%22%2C%22mainitem%22%3A%22,ad,%22%2C%22subitem%22%3A%22,adn,%22%2C%22sort%22%3A2%2C%22limit%22%3A50%7D%2C%22search%22%3A%7B%22value%22%3A%22%22%2C%22field%22%3A2%2C%22state%22%3A0%7D%7D%7D,"""name""","""fun"":""adn"""
SITE_DC_Campaign_Overview_Source_Tab,data=%7B%22,tab,%22%3A%7B%22time%22%3A%7B%22starttime%22%3A,%2C%22endtime%22%3A,%2C%22timezone%22%3A%22,%2B09%3A00,%22%7D%2C%22filter%22%3A%22%22%2C%22range%22%3A%7B%22rangetype%22%3A%22,site,%22%2C%22sid%22%3A%22,%22%2C%22rangeparam%22%3A%22,%22%7D%2C%22item%22%3A%7B%22token%22%3A%22,%22%2C%22mainitem%22%3A%22,ad,%22%2C%22subitem%22%3A%22,ads,%22%2C%22sort%22%3A2%2C%22limit%22%3A50%7D%2C%22search%22%3A%7B%22value%22%3A%22%22%2C%22field%22%3A2%2C%22state%22%3A0%7D%7D%7D,"""source""","""fun"":""ads"""
SITE_DC_Campaign_Overview_Medium_Tab,data=%7B%22,tab,%22%3A%7B%22time%22%3A%7B%22starttime%22%3A,%2C%22endtime%22%3A,%2C%22timezone%22%3A%22,%2B09%3A00,%22%7D%2C%22filter%22%3A%22%22%2C%22range%22%3A%7B%22rangetype%22%3A%22,site,%22%2C%22sid%22%3A%22,%22%2C%22rangeparam%22%3A%22,%22%7D%2C%22item%22%3A%7B%22token%22%3A%22,%22%2C%22mainitem%22%3A%22,ad,%22%2C%22subitem%22%3A%22,adm,%22%2C%22sort%22%3A2%2C%22limit%22%3A50%7D%2C%22search%22%3A%7B%22value%22%3A%22%22%2C%22field%22%3A2%2C%22state%22%3A0%7D%7D%7D,"""medium""","""fun"":""adm"""
SITE_DC_Campaign_Overview_Term_Tab,data=%7B%22,tab,%22%3A%7B%22time%22%3A%7B%22starttime%22%3A,%2C%22endtime%22%3A,%2C%22timezone%22%3A%22,%2B09%3A00,%22%7D%2C%22filter%22%3A%22%22%2C%22range%22%3A%7B%22rangetype%22%3A%22,site,%22%2C%22sid%22%3A%22,%22%2C%22rangeparam%22%3A%22,%22%7D%2C%22item%22%3A%7B%22token%22%3A%22,%22%2C%22mainitem%22%3A%22,ad,%22%2C%22subitem%22%3A%22,adt,%22%2C%22sort%22%3A2%2C%22limit%22%3A50%7D%2C%22search%22%3A%7B%22value%22%3A%22%22%2C%22field%22%3A2%2C%22state%22%3A0%7D%7D%7D,"""term""","""fun"":""adt"""
SITE_DC_Campaign_Overview_Content_Tab,data=%7B%22,tab,%22%3A%7B%22time%22%3A%7B%22starttime%22%3A,%2C%22endtime%22%3A,%2C%22timezone%22%3A%22,%2B09%3A00,%22%7D%2C%22filter%22%3A%22%22%2C%22range%22%3A%7B%22rangetype%22%3A%22,site,%22%2C%22sid%22%3A%22,%22%2C%22rangeparam%22%3A%22,%22%7D%2C%22item%22%3A%7B%22token%22%3A%22,%22%2C%22mainitem%22%3A%22,ad,%22%2C%22subitem%22%3A%22,adc,%22%2C%22sort%22%3A2%2C%22limit%22%3A50%7D%2C%22search%22%3A%7B%22value%22%3A%22%22%2C%22field%22%3A2%2C%22state%22%3A0%7D%7D%7D,"""content""","""fun"":""adc"""
