Result_Google Analysis--account,/api/v1/commands/recipient,"{""id"":""profile"",""provider"":""googleanalysis"",""params"":{""account.id"":""e608388b-d138-4720-b8a6-029ed8b5a7b8"",""account.name"":""peterangel536@gmail.com""}}",peterangel536@gmail.com,"""}}","""success"":true",,,
Result_Google Analysis--profile,/api/v1/connections/config,"{""dsId"":1,""spaceId"":""9e42b04c-6e41-430a-9763-de774f33d9b9"",""config"":[{""id"":""4f0b2448-705c-4a93-ab19-f925cd840d84"",""index"":0,""type"":""account"",""name"":""peterangel536@gmail.com""},{""id"":""102134393"",""index"":1,""type"":""profile"",""name"":""All Web Site Data"",""requestParams"":{""id"":""profile"",""provider"":""googleanalysis"",""params"":{""account.id"":""4f0b2448-705c-4a93-ab19-f925cd840d84"",""account.name"":""peterangel536@gmail.com""}}}]}",,,"""success"":true","""errorCode"":null",,
Result_Google Analysis--dimensionValues,/api/v1/commands/recipient,"{""provider"":""googleanalysis"",""id"":""dimensionValues"",""params"":{""dsConnectionId"":""3e270b19-efa8-4509-a29d-8429c8aea33c"",""time"":{""field"":null,""code"":""past"",""value"":7,""isIncludeToday"":false},""field"":{""id"":""ga:userType"",""uuid"":""86c63be5-ec6b-4fe0-8660-c1d591881e41"",""fieldId"":""1"",""name"":""User type"",""dataType"":""STRING"",""calculateType"":null,""dataFormat"":null,""validateStatus"":""1"",""extra"":{""allowFilter"":1,""containGroupFunction"":false,""code"":""ga:userType"",""type"":""dimension"",""allowGroup"":true},""columnType"":null,""labelName"":null,""granularity"":null,""type"":""filter""}}}", ,,"""success"":true",,,
Result_Google Analysis--data,/api/v1/widgets/data/preview,"{""widgetId"":null,""spaceId"":""862c1819-13de-4adc-a2ac-e885a6c28bed"",""panelId"":""d46002fc-3867-44de-b803-9fe1d1bbf369"",""dsConnectionId"":""dda61810-2305-461e-973d-48e130a35ef7"",""name"":"""",""isTitleUpdate"":""0"",""graphType"":""table"",""widgetType"":""chart"",""fields"":[{""id"":""ga:date"",""uuid"":""a37b1b51-28b2-4f0c-8f17-302c729d31e4"",""fieldId"":""130"",""name"":""Date"",""dataType"":""DATE"",""calculateType"":null,""dataFormat"":""yyyyMMdd"",""validateStatus"":""1"",""extra"":{""allowFilter"":1,""containGroupFunction"":false,""code"":""ga:date"",""type"":""dimension"",""allowGroup"":true},""columnType"":null,""labelName"":null,""granularity"":null,""type"":""category""},{""id"":""ga:users"",""uuid"":""e814ee56-db29-44b5-80f9-b559e40b009e"",""fieldId"":""1"",""name"":""Users"",""dataType"":""INTEGER"",""calculateType"":null,""dataFormat"":null,""validateStatus"":""1"",""extra"":{""allowFilter"":1,""containGroupFunction"":false,""code"":""ga:users"",""type"":""metrics"",""allowGroup"":true},""columnType"":null,""labelName"":null,""granularity"":null,""type"":""yAxis""}],""sort"":{""uuid"":""a37b1b51-28b2-4f0c-8f17-302c729d31e4"",""order"":""asc""},""filters"":null,""segment"":null,""time"":{""field"":null,""code"":""custom"",""value"":""2018/02/21|2018/02/27""},""map"":null,""targetValue"":"""",""settings"":{""date"":{""visible"":false},""total"":{""visible"":true,""item"":""e814ee56-db29-44b5-80f9-b559e40b009e""}},""disconnectMessage"":"""",""target"":null}",,,"""success"":true","""errorCode"":null","[""Date"",""Users""]","[""20180221"",2036.00]"
Result_Google Adwords--account,/api/v1/commands/recipient,"{""id"":""profile"",""provider"":""googleadwords"",""params"":{""account.id"":""26ff55ac-b870-4ce2-a395-60abcd399372"",""account.name"":""marketing@ptengine.com""}}",marketing@ptengine.com,"""}}","""success"":true",,,
Result_Google Adwords--profile,/api/v1/connections/config,"{""dsId"":3,""spaceId"":""9e42b04c-6e41-430a-9763-de774f33d9b9"",""config"":[{""id"":""0e17aa6a-f90e-4dd3-96fc-7f2e2ab40e13"",""index"":0,""type"":""account"",""name"":""marketing@ptengine.com""},{""id"":""1013515661"",""index"":1,""type"":""profile"",""name"":""Roffos sub access to marketing@"",""requestParams"":{""id"":""profile"",""provider"":""googleadwords"",""params"":{""account.id"":""0e17aa6a-f90e-4dd3-96fc-7f2e2ab40e13"",""account.name"":""marketing@ptengine.com""}}}]}",,,"""success"":true","""errorCode"":null",,
Result_Google Adwords--dimensionValues,/api/v1/commands/recipient,"{""provider"":""googleadwords"",""id"":""dimensionValues"",""params"":{""dsConnectionId"":""087bd2f7-ab97-4d6d-a4a8-3062cf9b33e8"",""time"":{""field"":null,""code"":""past"",""value"":7,""isIncludeToday"":false},""field"":{""id"":""Slot"",""uuid"":""f0d5015d-f276-4852-86bb-a0b3e6454d24"",""fieldId"":""300"",""name"":""Top vs. side"",""dataType"":""STRING"",""calculateType"":null,""dataFormat"":null,""extra"":{""allowFilter"":1,""code"":""Slot"",""type"":""dimension""},""labelName"":null,""granularity"":null,""type"":""filter""}}}", ,,"""success"":true",,,
Result_Google Adwords--data,/api/v1/widgets/data/preview,"{""widgetId"":null,""spaceId"":""862c1819-13de-4adc-a2ac-e885a6c28bed"",""panelId"":""d46002fc-3867-44de-b803-9fe1d1bbf369"",""dsConnectionId"":""0ecbd14e-9d44-46eb-be0e-2160d414137a"",""name"":"""",""isTitleUpdate"":""0"",""graphType"":""table"",""widgetType"":""chart"",""fields"":[{""id"":""Date"",""uuid"":""dfb5c590-7467-4f1d-83d1-cb9513dea310"",""fieldId"":""326"",""name"":""Day"",""dataType"":""DATE"",""calculateType"":null,""dataFormat"":""yyyy-MM-dd"",""validateStatus"":""1"",""extra"":{""allowFilter"":0,""containGroupFunction"":false,""code"":""Date"",""type"":""dimension"",""allowGroup"":true},""columnType"":null,""labelName"":null,""granularity"":null,""type"":""category""},{""id"":""Clicks"",""uuid"":""d711a74a-d125-462b-86cd-7056b35d4997"",""fieldId"":""334"",""name"":""Clicks"",""dataType"":""LONG"",""calculateType"":null,""dataFormat"":null,""validateStatus"":""1"",""extra"":{""allowFilter"":1,""containGroupFunction"":false,""code"":""Clicks"",""type"":""metrics"",""allowGroup"":true},""columnType"":null,""labelName"":null,""granularity"":null,""type"":""yAxis""}],""sort"":{""uuid"":""dfb5c590-7467-4f1d-83d1-cb9513dea310"",""order"":""asc""},""filters"":null,""segment"":null,""time"":{""field"":null,""code"":""custom"",""value"":""2015/06/01|2015/06/30""},""map"":null,""targetValue"":"""",""settings"":{""date"":{""visible"":false},""total"":{""visible"":true,""item"":""d711a74a-d125-462b-86cd-7056b35d4997""}},""disconnectMessage"":"""",""target"":null}",,,"""success"":true","""errorCode"":null","[""Day"",""Clicks""]","[""2015-06-01"",3.00]"
Result_Google Adsense--account,/api/v1/commands/recipient,"{""id"":""profile"",""provider"":""googleadsense"",""params"":{""account.id"":""26344029-54d8-41b0-aa52-19e75bbc6ec3"",""account.name"":""peterangel536@gmail.com""}}",peterangel536@gmail.com,"""}}","""success"":true",,,
Result_Google Adsense--dimensionValues,/api/v1/commands/recipient,"{""provider"":""googleadsense"",""id"":""dimensionValues"",""params"":{""dsConnectionId"":""2f235305-f431-4906-b789-a35aed4149a5"",""time"":{""field"":null,""code"":""past"",""value"":7,""isIncludeToday"":false},""field"":{""id"":""TARGETING_TYPE_NAME"",""uuid"":""8053997c-de84-4205-a2fb-8c13e56f968b"",""fieldId"":""3011"",""name"":""Targeting types"",""dataType"":""STRING"",""calculateType"":null,""dataFormat"":"""",""validateStatus"":""1"",""extra"":{""allowFilter"":1,""containGroupFunction"":false,""code"":""TARGETING_TYPE_NAME"",""type"":""dimension"",""allowGroup"":true},""columnType"":null,""labelName"":null,""granularity"":null,""type"":""filter""}}}", ,,"""success"":true",,,
Result_Facebook ads--account,/api/v1/commands/recipient,"{""id"":""profile"",""provider"":""facebookad"",""params"":{""account.id"":""5d141556-a9e9-42ef-aa7e-680cbc3163e4"",""account.name"":""bin.wu@ptengine.com""}}",bin.wu@ptengine.com,"""}}","""success"":true",,,
Result_Facebook ads--profile,/api/v1/connections/config,"{""dsId"":12,""spaceId"":""9e42b04c-6e41-430a-9763-de774f33d9b9"",""config"":[{""id"":""799d20a4-9272-4841-87e0-121d7823d013"",""index"":0,""type"":""account"",""name"":""Bin Wu(527650574245474)""},{""id"":""act_1407502649480033"",""index"":1,""type"":""profile"",""name"":""1407502649480033"",""requestParams"":{""id"":""profile"",""provider"":""facebookad"",""params"":{""account.id"":""799d20a4-9272-4841-87e0-121d7823d013"",""account.name"":""Bin Wu(527650574245474)""}}}]}",,,"""success"":true","""errorCode"":null",,
Result_Facebook ads--dimensionValues,/api/v1/commands/recipient,"{""provider"":""facebookad"",""id"":""dimensionValues"",""params"":{""dsConnectionId"":""ee649681-bbac-44d6-b0d7-53cd5ea344af"",""time"":{""field"":null,""code"":""past"",""value"":7,""isIncludeToday"":false},""field"":{""id"":""campaign"",""uuid"":""29f6dd17-c034-4713-b201-4c7fcb6b8021"",""fieldId"":""700"",""name"":""Campaign"",""dataType"":""STRING"",""calculateType"":null,""dataFormat"":null,""extra"":{""allowFilter"":1,""code"":""campaign"",""type"":""dimension""},""labelName"":null,""granularity"":null,""type"":""filter""}}}", ,,"""success"":true",,,
Result_Facebook ads--data,/api/v1/widgets/data/preview,"{""widgetId"":null,""spaceId"":""862c1819-13de-4adc-a2ac-e885a6c28bed"",""panelId"":""d46002fc-3867-44de-b803-9fe1d1bbf369"",""dsConnectionId"":""edd1d567-23a4-4f0f-9a4a-4781d920d612"",""name"":"""",""isTitleUpdate"":""0"",""graphType"":""table"",""widgetType"":""chart"",""fields"":[{""id"":""day"",""uuid"":""4f2e88f6-0ef2-4d56-8477-32bb4ec2599c"",""fieldId"":""704"",""name"":""Day"",""dataType"":""DATE"",""calculateType"":null,""dataFormat"":""yyyy-MM-dd"",""validateStatus"":""1"",""extra"":{""allowFilter"":0,""containGroupFunction"":false,""code"":""day"",""type"":""dimension"",""allowGroup"":true},""columnType"":null,""labelName"":null,""granularity"":null,""type"":""category""},{""id"":""spend"",""uuid"":""9d1bfa35-09f3-457d-934b-51109d4ce42c"",""fieldId"":""703"",""name"":""Amount Spent"",""dataType"":""CURRENCY"",""calculateType"":null,""dataFormat"":null,""validateStatus"":""1"",""extra"":{""allowFilter"":0,""containGroupFunction"":false,""code"":""spend"",""type"":""metrics"",""allowGroup"":true},""columnType"":null,""labelName"":null,""granularity"":null,""type"":""yAxis""}],""sort"":{""uuid"":""4f2e88f6-0ef2-4d56-8477-32bb4ec2599c"",""order"":""asc""},""filters"":null,""segment"":null,""time"":{""field"":null,""code"":""custom"",""value"":""2016/06/01|2016/06/30""},""map"":null,""targetValue"":"""",""settings"":{""date"":{""visible"":false},""total"":{""visible"":true,""item"":""9d1bfa35-09f3-457d-934b-51109d4ce42c""}},""disconnectMessage"":"""",""target"":null}",,,"""success"":true","""errorCode"":null","[""Day"",""Amount Spent""]","[""2016-06-21"",6.18]"
Result_Ptengine--account,/api/v1/commands/recipient,"{""id"":""pteProfile"",""provider"":""ptengine"",""params"":{""account.id"":""11b11ba5-3465-473f-8e9f-98b63911396e"",""account.name"":""mkt@datadeck.com""}}",mkt@datadeck.com,"""}}","""success"":true",,,
Result_Ptengine--profile,/api/v1/connections/config,"{""dsId"":13,""spaceId"":""9e42b04c-6e41-430a-9763-de774f33d9b9"",""config"":[{""type"":""account"",""index"":0,""name"":""mkt@datadeck.com"",""id"":""990ab3ed-e7f4-445e-ade0-7d13d6fcafb1""},{""index"":1,""name"":""datadeck.jp"",""requestParams"":{""params"":{""account.name"":""mkt@datadeck.com"",""account.id"":""990ab3ed-e7f4-445e-ade0-7d13d6fcafb1""},""id"":""pteProfile"",""provider"":""ptengine""},""id"":""2dfd029f"",""type"":""profile""}]}",,,"""success"":true","""errorCode"":null",,
Result_Ptengine--ptedimensionValues,/api/v1/commands/recipient,"{""provider"":""ptengine"",""id"":""pteDimensionValues"",""params"":{""dsConnectionId"":""00dca253-b685-46ac-a145-d0e63b58dd9e"",""time"":{""field"":null,""code"":""past"",""value"":7,""isIncludeToday"":false},""field"":{""id"":""pt:userType"",""uuid"":""681da578-b52a-40c4-8c01-75f47d064493"",""fieldId"":""501"",""name"":""Visit Type"",""dataType"":""STRING"",""calculateType"":null,""dataFormat"":null,""extra"":{""allowFilter"":1,""code"":""pt:userType"",""type"":""dimension""},""labelName"":null,""granularity"":null,""type"":""filter""}}}", ,,"""success"":true",,,
Result_Ptengine--data,/api/v1/widgets/data/preview,"{""widgetId"":null,""spaceId"":""862c1819-13de-4adc-a2ac-e885a6c28bed"",""panelId"":""d46002fc-3867-44de-b803-9fe1d1bbf369"",""dsConnectionId"":""5be1861b-ee2c-4d3b-864f-c078edf9117e"",""name"":"""",""isTitleUpdate"":""0"",""graphType"":""table"",""widgetType"":""chart"",""fields"":[{""id"":""pt:date"",""uuid"":""b8b5109f-e6cf-48b2-8ec3-fbdaf80e38a7"",""fieldId"":""530"",""name"":""Date"",""dataType"":""DATE"",""calculateType"":null,""dataFormat"":""yyyyMMdd"",""validateStatus"":""1"",""extra"":{""allowFilter"":0,""containGroupFunction"":false,""code"":""pt:date"",""type"":""dimension"",""allowGroup"":true},""columnType"":null,""labelName"":null,""granularity"":null,""type"":""category""},{""id"":""pt:user"",""uuid"":""109925ac-548b-4240-b19f-8d7fe47a3712"",""fieldId"":""501"",""name"":""Unique Visitors (UV)"",""dataType"":""INTEGER"",""calculateType"":null,""dataFormat"":null,""validateStatus"":""1"",""extra"":{""allowFilter"":0,""containGroupFunction"":false,""code"":""pt:user"",""type"":""metrics"",""allowGroup"":true},""columnType"":null,""labelName"":null,""granularity"":null,""type"":""yAxis""}],""sort"":{""uuid"":""b8b5109f-e6cf-48b2-8ec3-fbdaf80e38a7"",""order"":""asc""},""filters"":null,""segment"":null,""time"":{""field"":null,""code"":""custom"",""value"":""2018/02/21|2018/02/27""},""map"":null,""targetValue"":"""",""settings"":{""date"":{""visible"":false},""total"":{""visible"":true,""item"":""109925ac-548b-4240-b19f-8d7fe47a3712""}},""disconnectMessage"":"""",""target"":null}",,,"""success"":true","""errorCode"":null","[""Date"",""Unique Visitors (UV)""]","[""20180221"",16.00]"
Result_YAHOO! Ads YDN--account,/api/v1/commands/recipient,"{""id"":""profile"",""provider"":""yahooAdsYDN"",""params"":{""account.id"":""3f482d12-ec7f-4815-a340-7df8b327d919"",""account.name"":""YDN_test""}}",YDN_test,"""}}","""success"":true",,,
Result_YAHOO! Ads YDN--profile,/api/v1/connections/config,"{""dsId"":30,""spaceId"":""9e42b04c-6e41-430a-9763-de774f33d9b9"",""config"":[{""id"":""445d0bd0-a035-41b7-ac1c-d1a45581af8f"",""index"":0,""type"":""account"",""name"":""YDN""},{""id"":""1001575997"",""index"":1,""type"":""profile"",""name"":""Ptmind"",""requestParams"":{""id"":""profile"",""provider"":""yahooAdsYDN"",""params"":{""account.id"":""445d0bd0-a035-41b7-ac1c-d1a45581af8f"",""account.name"":""YDN""}}}]}",,,"""success"":true","""errorCode"":null",,
Result_YAHOO! Ads YDN--dimensionValues,/api/v1/commands/recipient,"{""provider"":""yahooAdsYDN"",""id"":""dimensionValues"",""params"":{""dsConnectionId"":""ce90d811-337d-4972-8030-08ea0271cee1"",""time"":{""field"":null,""code"":""past"",""value"":7,""isIncludeToday"":false},""field"":{""id"":""CITY_NAME"",""uuid"":""68785270-8c69-4375-923a-078fc5590e67"",""fieldId"":""4014"",""name"":""City"",""dataType"":""STRING"",""calculateType"":null,""dataFormat"":null,""extra"":{""allowFilter"":1,""code"":""CITY_NAME"",""type"":""dimension""},""labelName"":null,""granularity"":null,""type"":""filter""}}}", ,,"""success"":true",,,
Result_YAHOO! Ads SS--category,/api/v1/commands/recipient,"{""id"":""category"",""provider"":""yahooAdsSS"",""params"":{""account.id"":""f5c2f483-2c5a-4c39-ae6a-d10acd0ebea7"",""account.name"":""YSS_test""}}",YSS_test,"""}}","""success"":true",,,
Result_YAHOO! Ads SS--profile,/api/v1/connections/config,"{""dsId"":31,""spaceId"":""9e42b04c-6e41-430a-9763-de774f33d9b9"",""config"":[{""id"":""fad88182-48d7-45e6-8431-c653e8d10d2a"",""index"":0,""type"":""account"",""name"":""YSS""},{""id"":""600"",""index"":1,""type"":""profile"",""name"":""Account"",""requestParams"":{""id"":""category"",""provider"":""yahooAdsSS"",""params"":{""account.id"":""fad88182-48d7-45e6-8431-c653e8d10d2a"",""account.name"":""YSS""}}}]}",,,"""success"":true","""errorCode"":null",,
Result_YAHOO! Ads SS--dimensionValues,/api/v1/commands/recipient,"{""provider"":""yahooAdsSS"",""id"":""dimensionValues"",""params"":{""dsConnectionId"":""281d77fe-7c9d-416e-95af-a6ea06e191ca"",""time"":{""field"":null,""code"":""past"",""value"":7,""isIncludeToday"":false},""field"":{""id"":""YEAR"",""uuid"":""80d77325-7e79-49cc-8ea1-67178e06de5d"",""fieldId"":""6007"",""name"":""Year"",""dataType"":""STRING"",""calculateType"":null,""dataFormat"":"""",""extra"":{""allowFilter"":1,""code"":""YEAR"",""type"":""dimension""},""labelName"":null,""granularity"":null,""type"":""filter""}}}", ,,"""success"":true",,,
Result_YAHOO! Ads SS--data,/api/v1/widgets/data/preview,"{""widgetId"":null,""spaceId"":""862c1819-13de-4adc-a2ac-e885a6c28bed"",""panelId"":""d46002fc-3867-44de-b803-9fe1d1bbf369"",""dsConnectionId"":""2fa51b50-5c70-407e-8aea-062e1fb1272b"",""name"":"""",""isTitleUpdate"":""0"",""graphType"":""table"",""widgetType"":""chart"",""fields"":[{""id"":""DAY"",""uuid"":""811c6499-b2db-46c9-9d6e-71c20b946bf6"",""fieldId"":""6026"",""name"":""Day"",""dataType"":""DATE"",""calculateType"":null,""dataFormat"":""yyyy-MM-dd"",""validateStatus"":""1"",""extra"":{""allowFilter"":1,""containGroupFunction"":false,""code"":""DAY"",""type"":""dimension"",""allowGroup"":true},""columnType"":null,""labelName"":null,""granularity"":null,""type"":""category""},{""id"":""CLICKS"",""uuid"":""53055d29-4647-4247-bdcc-919db181faea"",""fieldId"":""6025"",""name"":""Clicks"",""dataType"":""NUMBER"",""calculateType"":null,""dataFormat"":"""",""validateStatus"":""1"",""extra"":{""allowFilter"":1,""containGroupFunction"":false,""code"":""CLICKS"",""type"":""metrics"",""allowGroup"":true},""columnType"":null,""labelName"":null,""granularity"":null,""type"":""yAxis""}],""sort"":{""uuid"":""811c6499-b2db-46c9-9d6e-71c20b946bf6"",""order"":""asc""},""filters"":null,""segment"":null,""time"":{""field"":null,""code"":""custom"",""value"":""2016/10/01|2016/10/31""},""map"":null,""targetValue"":"""",""settings"":{""date"":{""visible"":false},""total"":{""visible"":true,""item"":""53055d29-4647-4247-bdcc-919db181faea""}},""disconnectMessage"":"""",""target"":null}",,,"""success"":true","""errorCode"":null","[""Day"",""Clicks""]","[""2016-10-12"",7.00]"
Detail_MailChimp--category,/api/v1/commands/recipient,"{""id"":""category"",""provider"":""mailchimp"",""params"":{""account.id"":""860b737a-6425-47db-850e-e13d5c9cf7df"",""account.name"":""guy.geeraedts@ptengine.com""}}",guy.geeraedts@ptengine.com,"""}}","""success"":true",,,
Detail_MailChimp--profile,/api/v1/connections/config,"{""dsId"":27,""spaceId"":""9e42b04c-6e41-430a-9763-de774f33d9b9"",""config"":[{""id"":""7876abaa-84cc-495e-8017-85e79b27425a"",""index"":0,""type"":""account"",""name"":""guy.geeraedts@ptengine.com""},{""id"":""260"",""index"":1,""type"":""profile"",""name"":""Campaigns"",""requestParams"":{""id"":""category"",""provider"":""mailchimp"",""params"":{""account.id"":""7876abaa-84cc-495e-8017-85e79b27425a"",""account.name"":""guy.geeraedts@ptengine.com""}}}]}",,,"""success"":true","""errorCode"":null",,
Detail_MailChimp--dimensionValues,/api/v1/commands/recipient,"{""provider"":""mailchimp"",""id"":""dimensionValues"",""params"":{""dsConnectionId"":""4bff5bd7-fdc1-4946-891d-72140bb1c3c5"",""time"":{""field"":{""extra"":{""allowFilter"":1,""code"":""date_created"",""type"":""metrics""},""dataFormat"":""yyyy-MM-dd HH:mm:ss"",""id"":""date_created"",""fieldId"":""2645"",""name"":""Date created"",""dataType"":""DATETIME""},""code"":""past"",""value"":7,""isIncludeToday"":false},""field"":{""id"":""name"",""uuid"":""57681c67-9516-47a5-8a4a-6ce35e4e31a7"",""fieldId"":""2644"",""name"":""List name"",""dataType"":""STRING"",""calculateType"":null,""dataFormat"":"""",""extra"":{""allowFilter"":1,""code"":""name"",""type"":""metrics""},""labelName"":null,""granularity"":null,""type"":""filter""}}}", ,,"""success"":true",,,
Detail_MailChimp--data,/api/v1/widgets/data/preview,"{""widgetId"":null,""spaceId"":""862c1819-13de-4adc-a2ac-e885a6c28bed"",""panelId"":""d46002fc-3867-44de-b803-9fe1d1bbf369"",""dsConnectionId"":""1a25287c-3b99-4540-8b17-dcbe545f79b2"",""name"":"""",""isTitleUpdate"":""0"",""graphType"":""table"",""widgetType"":""chart"",""fields"":[{""id"":""send_time"",""uuid"":""9db200ea-7cb6-462a-9f37-562e185a9aaf"",""fieldId"":""2605"",""name"":""Send Time"",""dataType"":""DATETIME"",""calculateType"":null,""dataFormat"":""yyyy-MM-dd HH:mm:ss"",""validateStatus"":""1"",""extra"":{""allowFilter"":1,""containGroupFunction"":false,""code"":""send_time"",""type"":""metrics"",""allowGroup"":true},""columnType"":null,""labelName"":""Day"",""granularity"":{""type"":""time"",""value"":""day""},""type"":""category""},{""id"":""report_summary.subscriber_clicks"",""uuid"":""2fbd299d-2d7b-4124-abfc-4112923d8f8b"",""fieldId"":""2611"",""name"":""Clicked"",""dataType"":""NUMBER"",""calculateType"":""sum"",""dataFormat"":"""",""validateStatus"":""1"",""extra"":{""allowFilter"":1,""containGroupFunction"":false,""code"":""report_summary.subscriber_clicks"",""type"":""metrics"",""allowGroup"":true},""columnType"":null,""labelName"":""SUM"",""granularity"":null,""type"":""yAxis""}],""sort"":{""uuid"":""9db200ea-7cb6-462a-9f37-562e185a9aaf"",""order"":""asc""},""filters"":null,""segment"":null,""time"":{""field"":{""dataType"":""DATETIME"",""id"":""create_time"",""dataFormat"":""yyyy-MM-dd HH:mm:ss"",""fieldId"":""2602"",""name"":""Create time"",""extra"":{""allowFilter"":1,""code"":""create_time"",""type"":""metrics""}},""code"":""custom"",""value"":""2016/01/01|2016/01/31""},""map"":null,""targetValue"":"""",""settings"":{""date"":{""visible"":false},""total"":{""visible"":true,""item"":""2fbd299d-2d7b-4124-abfc-4112923d8f8b""}},""disconnectMessage"":"""",""target"":null}",,,"""success"":true","""errorCode"":null","[""Send Time"",""Clicked""]","[""2016-01-12"",3.00]"
Detail_Stripe--category,/api/v1/commands/recipient,"{""id"":""category"",""provider"":""stripe"",""params"":{""account.id"":""f853ac17-da9c-4c26-9d6f-5b20b97aabd2"",""account.name"":""robin.granlund@fraelznet.com""}}",robin.granlund@fraelznet.com,"""}}","""success"":true",,,
Detail_Stripe--profile,/api/v1/connections/config,"{""dsId"":25,""spaceId"":""9e42b04c-6e41-430a-9763-de774f33d9b9"",""config"":[{""id"":""e01b7935-6f5c-4414-971d-ebc264343e90"",""index"":0,""type"":""account"",""name"":""robin.granlund@fraelznet.com""},{""id"":""231"",""index"":1,""type"":""profile"",""name"":""Payments"",""requestParams"":{""id"":""category"",""provider"":""stripe"",""params"":{""account.id"":""e01b7935-6f5c-4414-971d-ebc264343e90"",""account.name"":""robin.granlund@fraelznet.com""}}}]}",,,"""success"":true","""errorCode"":null",,
Detail_Stripe--dimensionValues,/api/v1/commands/recipient,"{""provider"":""stripe"",""id"":""dimensionValues"",""params"":{""dsConnectionId"":""8deb9155-cd3f-42cd-9002-adc0893c5688"",""time"":{""field"":null,""code"":""past"",""value"":7,""isIncludeToday"":false},""field"":{""id"":""dispute"",""uuid"":""cf0173fa-c861-4680-8018-151e5e46f17b"",""fieldId"":""2331"",""name"":""Dispute"",""dataType"":""STRING"",""calculateType"":null,""dataFormat"":"""",""extra"":{""allowFilter"":1,""code"":""dispute"",""type"":""metrics""},""labelName"":null,""granularity"":null,""type"":""filter""}}}", ,,"""success"":true",,,
Detail_Stripe--data,/api/v1/widgets/data/preview,"{""widgetId"":null,""spaceId"":""862c1819-13de-4adc-a2ac-e885a6c28bed"",""panelId"":""d46002fc-3867-44de-b803-9fe1d1bbf369"",""dsConnectionId"":""b3cfade0-af9a-4ffe-ae38-dd4ae63e49e8"",""name"":"""",""isTitleUpdate"":""0"",""graphType"":""table"",""widgetType"":""chart"",""fields"":[{""id"":""paymentsCreated"",""uuid"":""3c777146-be77-4e84-addd-93a9872524b4"",""fieldId"":""2326"",""name"":""Date"",""dataType"":""DATETIME"",""calculateType"":null,""dataFormat"":""yyyy-MM-dd HH:mm:ss"",""validateStatus"":""1"",""extra"":{""allowFilter"":1,""containGroupFunction"":false,""code"":""paymentsCreated"",""type"":""metrics"",""allowGroup"":true},""columnType"":null,""labelName"":""Day"",""granularity"":{""type"":""time"",""value"":""day""},""type"":""category""},{""id"":""paymentsAmount"",""uuid"":""e6a6ae19-7b12-4f33-8498-15315ed583da"",""fieldId"":""2321"",""name"":""Amount"",""dataType"":""NUMBER"",""calculateType"":""sum"",""dataFormat"":"""",""validateStatus"":""1"",""extra"":{""allowFilter"":1,""containGroupFunction"":false,""code"":""paymentsAmount"",""type"":""metrics"",""allowGroup"":true},""columnType"":null,""labelName"":""SUM"",""granularity"":null,""type"":""yAxis""}],""sort"":{""uuid"":""3c777146-be77-4e84-addd-93a9872524b4"",""order"":""asc""},""filters"":null,""segment"":null,""time"":{""field"":null,""code"":""custom"",""value"":""2016/06/01|2016/06/30""},""map"":null,""targetValue"":"""",""settings"":{""date"":{""visible"":false},""total"":{""visible"":true,""item"":""e6a6ae19-7b12-4f33-8498-15315ed583da""}},""disconnectMessage"":"""",""target"":null}",,,"""success"":true","""errorCode"":null","[""Date"",""Amount""]","[""2016-06-16"",86.40]"
Other_Salesforce_Object--category,/api/v1/commands/recipient,"{""id"":""category"",""provider"":""salesforce"",""params"":{""account.id"":""b5cca2e8-57c4-47f7-9324-3abfad22ff06"",""account.name"":""dev-info-lead@synergy101.jp""}}",dev-info-lead@synergy101.jp,"""}}","""success"":true",,,
Other_Salesforce_Object--profile,/api/v1/connections/config,"{""dsId"":19,""spaceId"":""9e42b04c-6e41-430a-9763-de774f33d9b9"",""config"":[{""id"":""a52002b5-0d3d-442d-aa8e-0e014a99c75a"",""index"":0,""type"":""account"",""name"":""dev-info-lead@synergy101.jp""},{""tabType"":""salesforceObj"",""id"":""120"",""index"":1,""type"":""profile"",""name"":""Opportunity"",""requestParams"":{""salesforceObj"":{""id"":""category"",""provider"":""salesforce"",""params"":{""account.id"":""a52002b5-0d3d-442d-aa8e-0e014a99c75a"",""account.name"":""dev-info-lead@synergy101.jp""}},""salesforceReport"":{""id"":""report"",""provider"":""salesforce"",""params"":{""account.id"":""a52002b5-0d3d-442d-aa8e-0e014a99c75a"",""account.name"":""dev-info-lead@synergy101.jp""}}}}]}",,,"""success"":true","""errorCode"":null",,
Other_Salesforce_Object--dimensionValues,/api/v1/commands/recipient,"{""provider"":""salesforce"",""id"":""dimensionValues"",""params"":{""dsConnectionId"":""bb41f4bc-65f7-4dcd-a294-752e5d8294d3"",""time"":{""field"":{""id"":""Lead.ConvertedDate"",""uuid"":null,""fieldId"":null,""name"":""Converted Date"",""dataType"":""DATE"",""calculateType"":null,""dataFormat"":""yyyy-MM-dd"",""extra"":{""unit"":"""",""desc"":null,""categoryCode"":""Lead"",""code"":""Lead.ConvertedDate"",""type"":""dimension""}},""code"":""all_time"",""value"":""all_time""},""field"":{""id"":""Lead.Title"",""uuid"":""24981e29-712d-4d1e-a056-2d4bf1f647d4"",""fieldId"":null,""name"":""Title"",""dataType"":""STRING"",""calculateType"":null,""dataFormat"":null,""extra"":{""unit"":"""",""desc"":null,""categoryCode"":""Lead"",""code"":""Lead.Title"",""type"":""dimension""},""labelName"":null,""granularity"":null,""type"":""filter""}}}", ,,"""success"":true",,,
Other_Salesforce_Object--data,/api/v1/widgets/data/preview,"{""widgetId"":null,""spaceId"":""862c1819-13de-4adc-a2ac-e885a6c28bed"",""panelId"":""d46002fc-3867-44de-b803-9fe1d1bbf369"",""dsConnectionId"":""03fa1c66-7825-4400-93eb-abd2758233b5"",""name"":"""",""isTitleUpdate"":""0"",""graphType"":""table"",""widgetType"":""chart"",""fields"":[{""id"":""Opportunity.Name"",""uuid"":""c2a97db8-7d7d-4d13-8c92-9bf1e11ec45f"",""fieldId"":null,""name"":""Name"",""dataType"":""STRING"",""calculateType"":null,""dataFormat"":null,""validateStatus"":""1"",""extra"":{""unit"":"""",""desc"":null,""categoryCode"":""Opportunity"",""code"":""Opportunity.Name"",""type"":""dimension""},""columnType"":null,""labelName"":null,""granularity"":null,""type"":""category""},{""id"":""Opportunity.Amount"",""uuid"":""3a2f9019-4eb9-4041-9e50-f6c7a5d046d2"",""fieldId"":null,""name"":""Amount"",""dataType"":""CURRENCY"",""calculateType"":""sum"",""dataFormat"":null,""validateStatus"":""1"",""extra"":{""unit"":"""",""desc"":null,""categoryCode"":""Opportunity"",""code"":""Opportunity.Amount"",""type"":""metrics""},""columnType"":null,""labelName"":""SUM"",""granularity"":null,""type"":""yAxis""}],""sort"":{""uuid"":""c2a97db8-7d7d-4d13-8c92-9bf1e11ec45f"",""order"":""asc""},""filters"":null,""segment"":null,""time"":{""field"":{""id"":""Opportunity.CloseDate"",""uuid"":null,""fieldId"":null,""name"":""Close Date"",""dataType"":""DATE"",""calculateType"":null,""dataFormat"":""yyyy-MM-dd"",""validateStatus"":""1"",""extra"":{""unit"":"""",""desc"":null,""categoryCode"":""Opportunity"",""code"":""Opportunity.CloseDate"",""type"":""dimension""},""columnType"":null},""code"":""all_time"",""value"":""all_time""},""map"":null,""targetValue"":"""",""settings"":{""date"":{""visible"":false},""total"":{""visible"":true,""item"":""3a2f9019-4eb9-4041-9e50-f6c7a5d046d2""}},""disconnectMessage"":"""",""target"":null}",,,"""success"":true","""errorCode"":null","[""Name"",""Amount""]","[""Burlington Textiles Weaving Plant Generator"",235000.00]"
Other_Salesforce_report--category,/api/v1/commands/recipient,"{""id"":""report"",""provider"":""salesforce"",""params"":{""account.id"":""b5cca2e8-57c4-47f7-9324-3abfad22ff06"",""account.name"":""dev-info-lead@synergy101.jp""}}",dev-info-lead@synergy101.jp,"""}}","""success"":true",,,
Other_Salesforce_report--profile,/api/v1/connections/config,"{""dsId"":19,""spaceId"":""9e42b04c-6e41-430a-9763-de774f33d9b9"",""config"":[{""name"":""dev-info-lead@synergy101.jp"",""index"":0,""id"":""a52002b5-0d3d-442d-aa8e-0e014a99c75a"",""type"":""account""},{""tabType"":""salesforceReport"",""id"":""00O2800000725JXEAY|join|Summary"",""index"":1,""type"":""profile"",""name"":""•≥•Û•–©`•∏•Á•Û¡˜»ÎΩU¬∑•È•Û•≠•Û•∞"",""requestParams"":{""salesforceObj"":{""provider"":""salesforce"",""params"":{""account.name"":""dev-info-lead@synergy101.jp"",""account.id"":""a52002b5-0d3d-442d-aa8e-0e014a99c75a""},""id"":""category""},""salesforceReport"":{""params"":{""account.id"":""a52002b5-0d3d-442d-aa8e-0e014a99c75a"",""account.name"":""dev-info-lead@synergy101.jp""},""provider"":""salesforce"",""id"":""report""}}}]}",,,"""success"":true","""errorCode"":null",,
Other_Salesforce_report--data,/api/v1/widgets/data/preview,"{""widgetId"":null,""spaceId"":""862c1819-13de-4adc-a2ac-e885a6c28bed"",""panelId"":""d46002fc-3867-44de-b803-9fe1d1bbf369"",""dsConnectionId"":""ab2a00b7-13eb-4ee3-86a9-1458e26885d8"",""name"":"""",""isTitleUpdate"":""0"",""graphType"":""table"",""widgetType"":""chart"",""fields"":[{""id"":""eyJjb2RlIjoiQ0FNUEFJR05fTkFNRSIsImdyb3VwaW5ncyI6eyJkYXRlR3JhbnVsYXJpdHkiOiJOb25lIiwibmFtZSI6IkNBTVBBSUdOX05BTUUiLCJzb3J0QWdncmVnYXRlIjoiUm93Q291bnQiLCJzb3J0T3JkZXIiOiJEZXNjIiwidHlwZSI6IkRPV04ifSwidHlwZSI6IkdST1VQSU5HIn0="",""uuid"":""aaac5f1e-fb86-4d50-8ce0-a9be4f3b3a26"",""fieldId"":""desc_x0"",""name"":""Campaign Name"",""dataType"":""STRING"",""calculateType"":null,""dataFormat"":null,""validateStatus"":""1"",""extra"":{""unit"":"""",""desc"":""x0"",""categoryCode"":""x0"",""code"":""eyJjb2RlIjoiQ0FNUEFJR05fTkFNRSIsImdyb3VwaW5ncyI6eyJkYXRlR3JhbnVsYXJpdHkiOiJOb25lIiwibmFtZSI6IkNBTVBBSUdOX05BTUUiLCJzb3J0QWdncmVnYXRlIjoiUm93Q291bnQiLCJzb3J0T3JkZXIiOiJEZXNjIiwidHlwZSI6IkRPV04ifSwidHlwZSI6IkdST1VQSU5HIn0="",""type"":""dimension""},""columnType"":null,""labelName"":null,""granularity"":null,""type"":""category""},{""id"":""eyJjb2RlIjoiUm93Q291bnQiLCJ0eXBlIjoiTk9STUFMIn0="",""uuid"":""8e798899-4222-4b22-b21c-914230b0a042"",""fieldId"":""desc_0"",""name"":""Record Count"",""dataType"":""NUMBER"",""calculateType"":null,""dataFormat"":null,""validateStatus"":""1"",""extra"":{""unit"":"""",""desc"":""0"",""categoryCode"":""0"",""code"":""eyJjb2RlIjoiUm93Q291bnQiLCJ0eXBlIjoiTk9STUFMIn0="",""type"":""metrics""},""columnType"":null,""labelName"":null,""granularity"":null,""type"":""yAxis""}],""sort"":{""uuid"":""aaac5f1e-fb86-4d50-8ce0-a9be4f3b3a26"",""order"":""asc""},""filters"":null,""segment"":null,""time"":null,""map"":null,""targetValue"":"""",""settings"":{""total"":{""visible"":true,""item"":""3a2f9019-4eb9-4041-9e50-f6c7a5d046d2""}},""disconnectMessage"":"""",""target"":null}",,,"""success"":true","""errorCode"":null","[""Campaign Name"",""Record Count""]","[""LeadSource A"",1.00]"
RDS_Excel/CSV--uploadSheet,/api/v1/commands/recipient,"{""id"":""uploadSheet"",""provider"":""upload"",""params"":{""conn.spaceId"":""862c1819-13de-4adc-a2ac-e885a6c28bed"",""conn.dsId"":4}}", ,,"""success"":true",,,
RDS_Excel/CSV--profile,/api/v1/connections/config,"{""dsId"":4,""spaceId"":""9e42b04c-6e41-430a-9763-de774f33d9b9"",""config"":[{""id"":""1d6b7ffc-8001-4cb0-8b62-75554740d545"",""index"":0,""type"":""profile"",""name"":""excel≤‚ ‘.csv"",""extra.accountId"":""5e8cd5ea-08c5-49d3-b958-42f5215abf62"",""extra.accountName"":""excel≤‚ ‘.csv"",""requestParams"":{""id"":""uploadSheet"",""provider"":""upload"",""params"":{""conn.spaceId"":""9e42b04c-6e41-430a-9763-de774f33d9b9"",""conn.dsId"":4}}}]}",,,"""success"":true","""errorCode"":null",,
RDS_Excel/CSV--dimensionValues,/api/v1/commands/recipient,"{""provider"":""upload"",""id"":""dimensionValues"",""params"":{""dsConnectionId"":""9ce06161-a547-4656-b35f-a0a0c6f9672c"",""time"":{""field"":{""id"":""d683ee5a-193c-4f5e-8783-1754dc58fccb"",""uuid"":null,""fieldId"":""d683ee5a-193c-4f5e-8783-1754dc58fccb"",""name"":""Create_Date"",""dataType"":""DATETIME"",""calculateType"":null,""dataFormat"":""yyyy/MM/dd HH:mm:ss"",""extra"":{""allowFilter"":1,""code"":""d683ee5a-193c-4f5e-8783-1754dc58fccb"",""type"":""dimension""}},""code"":""all_time"",""value"":""all_time""},""field"":{""id"":""ca7a948e-7e2d-4124-b9a0-58681dd8e457"",""uuid"":""e07a9c6a-dd08-4100-8ca9-cbd34ae27d29"",""fieldId"":""ca7a948e-7e2d-4124-b9a0-58681dd8e457"",""name"":""name"",""dataType"":""STRING"",""calculateType"":null,""dataFormat"":"""",""extra"":{""allowFilter"":1,""code"":""ca7a948e-7e2d-4124-b9a0-58681dd8e457"",""type"":""dimension""},""labelName"":null,""granularity"":null,""type"":""filter""}}}", ,,"""success"":true",,,
RDS_Excel/CSV--data,/api/v1/widgets/data/preview,"{""widgetId"":null,""spaceId"":""862c1819-13de-4adc-a2ac-e885a6c28bed"",""panelId"":""d46002fc-3867-44de-b803-9fe1d1bbf369"",""dsConnectionId"":""9d28b5da-b86c-4369-a028-36a33fb29942"",""name"":"""",""isTitleUpdate"":""0"",""graphType"":""table"",""widgetType"":""chart"",""fields"":[{""id"":""d683ee5a-193c-4f5e-8783-1754dc58fccb"",""uuid"":""1a608f08-0c5f-4aad-a2be-2975338ee886"",""fieldId"":""d683ee5a-193c-4f5e-8783-1754dc58fccb"",""name"":""Create_Date"",""dataType"":""DATETIME"",""calculateType"":null,""dataFormat"":""yyyy/MM/dd HH:mm:ss"",""validateStatus"":""1"",""extra"":{""allowFilter"":1,""containGroupFunction"":false,""code"":""d683ee5a-193c-4f5e-8783-1754dc58fccb"",""type"":""dimension"",""allowGroup"":true},""columnType"":null,""labelName"":""Day"",""granularity"":{""type"":""time"",""value"":""day""},""type"":""category""},{""id"":""66719695-3c19-40a4-a52f-6ead0d5632d7"",""uuid"":""5b098b84-3348-4a55-a05f-d2f8b81cf90d"",""fieldId"":""66719695-3c19-40a4-a52f-6ead0d5632d7"",""name"":""Access"",""dataType"":""NUMBER"",""calculateType"":""sum"",""dataFormat"":"""",""validateStatus"":""1"",""extra"":{""allowFilter"":1,""containGroupFunction"":false,""code"":""66719695-3c19-40a4-a52f-6ead0d5632d7"",""type"":""metrics"",""allowGroup"":true},""columnType"":null,""labelName"":""SUM"",""granularity"":null,""type"":""yAxis""}],""sort"":{""uuid"":""1a608f08-0c5f-4aad-a2be-2975338ee886"",""order"":""asc""},""filters"":null,""segment"":null,""time"":{""field"":{""id"":""d683ee5a-193c-4f5e-8783-1754dc58fccb"",""uuid"":null,""fieldId"":""d683ee5a-193c-4f5e-8783-1754dc58fccb"",""name"":""Create_Date"",""dataType"":""DATETIME"",""calculateType"":null,""dataFormat"":""yyyy/MM/dd HH:mm:ss"",""validateStatus"":""1"",""extra"":{""allowFilter"":1,""containGroupFunction"":false,""code"":""d683ee5a-193c-4f5e-8783-1754dc58fccb"",""type"":""dimension"",""allowGroup"":true},""columnType"":null},""code"":""all_time"",""value"":""all_time""},""map"":null,""targetValue"":"""",""settings"":{""date"":{""visible"":false},""total"":{""visible"":true,""item"":""8e798899-4222-4b22-b21c-914230b0a042""}},""disconnectMessage"":"""",""target"":null}",,,"""success"":true","""errorCode"":null","[""Create_Date"",""Access""]","[""2016-01-01"",14.00]"
RDS_Google Driver--saasSheet,/api/v1/commands/recipient,"{""id"":""saasSheet"",""provider"":""googledrive"",""params"":{""account.id"":""13e99947-f938-4d6d-b3e7-1e95facca44c"",""account.name"":""peterangel536@gmail.com""}}",peterangel536@gmail.com,"""}}","""success"":true",,,
RDS_Google Driver--profile,/api/v1/connections/config,"{""dsId"":6,""spaceId"":""9e42b04c-6e41-430a-9763-de774f33d9b9"",""config"":[{""id"":""09b0d624-f822-474c-9346-e5551388fa01"",""index"":0,""type"":""account"",""name"":""peterangel536@gmail.com""},{""id"":""46492d57-cd75-497d-8c3b-ae60ddcb76fc"",""index"":1,""type"":""profile"",""name"":""visit"",""requestParams"":{""id"":""saasSheet"",""provider"":""googledrive"",""params"":{""account.id"":""09b0d624-f822-474c-9346-e5551388fa01"",""account.name"":""peterangel536@gmail.com""}}}]}",,,"""success"":true","""errorCode"":null",,
RDS_Google Driver--dimensionValues,/api/v1/commands/recipient,"{""provider"":""googledrive"",""id"":""dimensionValues"",""params"":{""dsConnectionId"":""d31d51ea-05e9-4986-993a-439200a71507"",""time"":{""field"":{""id"":""e582871f-1de5-4176-b63c-71d25b1b15e6"",""uuid"":null,""fieldId"":""e582871f-1de5-4176-b63c-71d25b1b15e6"",""name"":""Create_Date"",""dataType"":""DATETIME"",""calculateType"":null,""dataFormat"":""yyyy/MM/dd HH:mm:ss"",""extra"":{""allowFilter"":1,""code"":""e582871f-1de5-4176-b63c-71d25b1b15e6"",""type"":""dimension""}},""code"":""all_time"",""value"":""all_time""},""field"":{""id"":""f5ec6004-9be3-405e-9d5c-9d147f035982"",""uuid"":""186b55ee-adbf-4c4c-8876-0b8e85a189a6"",""fieldId"":""f5ec6004-9be3-405e-9d5c-9d147f035982"",""name"":""name"",""dataType"":""STRING"",""calculateType"":null,""dataFormat"":"""",""extra"":{""allowFilter"":1,""code"":""f5ec6004-9be3-405e-9d5c-9d147f035982"",""type"":""dimension""},""labelName"":null,""granularity"":null,""type"":""filter""}}}", ,,"""success"":true",,,
RDS_Google Driver--data,/api/v1/widgets/data/preview,"{""widgetId"":null,""spaceId"":""862c1819-13de-4adc-a2ac-e885a6c28bed"",""panelId"":""d46002fc-3867-44de-b803-9fe1d1bbf369"",""dsConnectionId"":""414b4a23-ee2c-47c3-9b21-1d501a658103"",""name"":"""",""isTitleUpdate"":""0"",""graphType"":""table"",""widgetType"":""chart"",""fields"":[{""id"":""e582871f-1de5-4176-b63c-71d25b1b15e6"",""uuid"":""89e94a3f-a40b-4824-8c43-b8e4757e370d"",""fieldId"":""e582871f-1de5-4176-b63c-71d25b1b15e6"",""name"":""Create_Date"",""dataType"":""DATETIME"",""calculateType"":null,""dataFormat"":""yyyy/MM/dd HH:mm:ss"",""validateStatus"":""1"",""extra"":{""allowFilter"":1,""containGroupFunction"":false,""code"":""e582871f-1de5-4176-b63c-71d25b1b15e6"",""type"":""dimension"",""allowGroup"":true},""columnType"":null,""labelName"":""Day"",""granularity"":{""type"":""time"",""value"":""day""},""type"":""category""},{""id"":""b2196aaf-5449-48f7-81e1-3fcbc0c79aa2"",""uuid"":""a98941d3-6902-4215-8354-5e443434c5ef"",""fieldId"":""b2196aaf-5449-48f7-81e1-3fcbc0c79aa2"",""name"":""Status"",""dataType"":""NUMBER"",""calculateType"":""sum"",""dataFormat"":"""",""validateStatus"":""1"",""extra"":{""allowFilter"":1,""containGroupFunction"":false,""code"":""b2196aaf-5449-48f7-81e1-3fcbc0c79aa2"",""type"":""metrics"",""allowGroup"":true},""columnType"":null,""labelName"":""SUM"",""granularity"":null,""type"":""yAxis""}],""sort"":{""uuid"":""89e94a3f-a40b-4824-8c43-b8e4757e370d"",""order"":""asc""},""filters"":null,""segment"":null,""time"":{""field"":{""id"":""e582871f-1de5-4176-b63c-71d25b1b15e6"",""uuid"":null,""fieldId"":""e582871f-1de5-4176-b63c-71d25b1b15e6"",""name"":""Create_Date"",""dataType"":""DATETIME"",""calculateType"":null,""dataFormat"":""yyyy/MM/dd HH:mm:ss"",""validateStatus"":""1"",""extra"":{""allowFilter"":1,""containGroupFunction"":false,""code"":""e582871f-1de5-4176-b63c-71d25b1b15e6"",""type"":""dimension"",""allowGroup"":true},""columnType"":null},""code"":""all_time"",""value"":""all_time""},""map"":null,""targetValue"":"""",""settings"":{""date"":{""visible"":false},""total"":{""visible"":true,""item"":""5b098b84-3348-4a55-a05f-d2f8b81cf90d""}},""disconnectMessage"":"""",""target"":null}",,,"""success"":true","""errorCode"":null","[[""Create_Date"",""Status""]","[""2016-01-01"",396.00]"
RDS_Google BigQuery--table,/api/v1/commands/recipient,"{""id"":""table"",""provider"":""bigquery"",""params"":{""account.id"":""dd7ffe32-dd0f-4075-9e8c-dfe5fe38231f"",""account.name"":""sylphlili@ptmind.com""}}",sylphlili@ptmind.com,"""}}","""success"":true",,,
RDS_Google BigQuery--profile,/api/v1/connections/config,"{""dsId"":14,""spaceId"":""9e42b04c-6e41-430a-9763-de774f33d9b9"",""config"":[{""id"":""6690824e-80a2-4924-8b2c-6aecae39d349"",""index"":0,""type"":""account"",""name"":""peterangel536@gmail.com""},{""id"":""114c56a9-8d90-449b-9ef6-e5c33f6ece82"",""index"":1,""type"":""profile"",""name"":""sample_dataset"",""requestParams"":{""id"":""table"",""provider"":""bigquery"",""params"":{""account.id"":""6690824e-80a2-4924-8b2c-6aecae39d349"",""account.name"":""peterangel536@gmail.com""}}}]}",,,"""success"":true","""errorCode"":null",,
RDS_Google BigQuery--dimensionValues,/api/v1/commands/recipient,"{""provider"":""bigquery"",""id"":""dimensionValues"",""params"":{""dsConnectionId"":""dfb47921-7737-49e5-b9ca-db3aa2bcd80b"",""time"":{""field"":{""id"":""visitId"",""uuid"":null,""fieldId"":""04f9be65-9059-4919-a734-8bc7ca2cc536"",""name"":""visitId"",""dataType"":""TIMESTAMP"",""calculateType"":null,""dataFormat"":""yyyy-MM-dd HH:mm:ss"",""extra"":{""allowFilter"":1,""code"":""visitId"",""type"":""dimension""}},""code"":""all_time"",""value"":""all_time""},""field"":{""id"":""userId"",""uuid"":""f5693430-2f50-40e8-87fa-aa9da59020dc"",""fieldId"":""c6e38fff-1069-4e0f-8e72-e0b5e511f6f6"",""name"":""userId"",""dataType"":""STRING"",""calculateType"":null,""dataFormat"":"""",""extra"":{""allowFilter"":1,""code"":""userId"",""type"":""dimension""},""labelName"":null,""granularity"":null,""type"":""filter""}}}", ,,"""success"":true",,,
RDS_Google BigQuery--data,/api/v1/widgets/data/preview,"{""widgetId"":null,""spaceId"":""862c1819-13de-4adc-a2ac-e885a6c28bed"",""panelId"":""d46002fc-3867-44de-b803-9fe1d1bbf369"",""dsConnectionId"":""8a577b20-c0d3-4391-9515-25cc8a070078"",""name"":"""",""isTitleUpdate"":""0"",""graphType"":""table"",""widgetType"":""chart"",""fields"":[{""id"":""visitId"",""uuid"":""79abc128-cf10-4e90-9924-4d366e6dd72f"",""fieldId"":""a1ba2e0f-b9f3-45fc-9d52-2c5bf7c02339"",""name"":""visitId"",""dataType"":""TIMESTAMP"",""calculateType"":null,""dataFormat"":""yyyy-MM-dd HH:mm:ss"",""validateStatus"":""1"",""extra"":{""allowFilter"":1,""containGroupFunction"":false,""code"":""visitId"",""type"":""dimension"",""allowGroup"":true},""columnType"":""INTEGER"",""labelName"":""Day"",""granularity"":{""type"":""time"",""value"":""day""},""type"":""category""},{""id"":""totals.visits"",""uuid"":""028bcbcc-a14c-4ae4-b5ea-47852aed5493"",""fieldId"":""afa31535-1eee-4ef2-b526-44953b77d993"",""name"":""totals.visits"",""dataType"":""NUMBER"",""calculateType"":""sum"",""dataFormat"":"""",""validateStatus"":""1"",""extra"":{""allowFilter"":1,""containGroupFunction"":false,""code"":""totals.visits"",""type"":""metrics"",""allowGroup"":true},""columnType"":""INTEGER"",""labelName"":""SUM"",""granularity"":null,""type"":""yAxis""}],""sort"":{""uuid"":""79abc128-cf10-4e90-9924-4d366e6dd72f"",""order"":""asc""},""filters"":null,""segment"":null,""time"":{""field"":{""id"":""visitId"",""uuid"":null,""fieldId"":""a1ba2e0f-b9f3-45fc-9d52-2c5bf7c02339"",""name"":""visitId"",""dataType"":""TIMESTAMP"",""calculateType"":null,""dataFormat"":""yyyy-MM-dd HH:mm:ss"",""validateStatus"":""1"",""extra"":{""allowFilter"":1,""containGroupFunction"":false,""code"":""visitId"",""type"":""dimension"",""allowGroup"":true},""columnType"":""INTEGER""},""code"":""all_time"",""value"":""all_time""},""map"":null,""targetValue"":"""",""settings"":{""date"":{""visible"":false},""total"":{""visible"":true,""item"":""a98941d3-6902-4215-8354-5e443434c5ef""}},""disconnectMessage"":"""",""target"":null}",,,"""success"":true","""errorCode"":null","[""visitId"",""totals.visits""]","[""2016-03-23"",101.00]"
RDS_Amazon Redshift--table,/api/v1/commands/recipient,"{""id"":""table"",""provider"":""redshift"",""params"":{""account.id"":""7da57652-ea96-493d-b621-b7cf1985e8e2"",""account.name"":""Amazon Redshift""}}",Amazon Redshift,"""}}","""success"":true",,,
RDS_Amazon Redshift--profile,/api/v1/connections/config,"{""dsId"":9,""spaceId"":""9e42b04c-6e41-430a-9763-de774f33d9b9"",""config"":[{""id"":""e1723f04-1b39-4207-97f3-0d54d24fab23"",""index"":0,""type"":""account"",""name"":""Amazon Redshift""},{""id"":""8b779c7e-e639-4abe-8ead-3bc4997dd1ac"",""index"":1,""type"":""profile"",""name"":""ptone_user"",""requestParams"":{""id"":""table"",""provider"":""redshift"",""params"":{""account.id"":""e1723f04-1b39-4207-97f3-0d54d24fab23"",""account.name"":""Amazon Redshift""}}}]}",,,"""success"":true","""errorCode"":null",,
RDS_Amazon Redshift--dimensionValues,/api/v1/commands/recipient,"{""provider"":""redshift"",""id"":""dimensionValues"",""params"":{""dsConnectionId"":""c5ac8d16-d6cb-4017-9621-e6f2404f892c"",""time"":{""field"":{""id"":""create_date"",""uuid"":null,""fieldId"":""469c5a67-8f48-43d5-b1d9-ef875c2689a5"",""name"":""create_date"",""dataType"":""DATE"",""calculateType"":null,""dataFormat"":""yyyy-MM-dd"",""extra"":{""allowFilter"":1,""code"":""create_date"",""type"":""dimension""}},""code"":""all_time"",""value"":""all_time""},""field"":{""id"":""name"",""uuid"":""ed2ad287-98ee-4806-8f90-2bbcde18f5cf"",""fieldId"":""dfc621a4-6362-48b5-afaa-b4bb59dedf7f"",""name"":""name"",""dataType"":""STRING"",""calculateType"":null,""dataFormat"":"""",""extra"":{""allowFilter"":1,""code"":""name"",""type"":""dimension""},""labelName"":null,""granularity"":null,""type"":""filter""}}}", ,,"""success"":true",,,
RDS_Amazon Redshift--data,/api/v1/widgets/data/preview,"{""widgetId"":null,""spaceId"":""862c1819-13de-4adc-a2ac-e885a6c28bed"",""panelId"":""d46002fc-3867-44de-b803-9fe1d1bbf369"",""dsConnectionId"":""fd050fa8-43e6-4a20-9dad-4f01e166f40f"",""name"":"""",""isTitleUpdate"":""0"",""graphType"":""table"",""widgetType"":""chart"",""fields"":[{""id"":""id"",""uuid"":""8307ccbd-dcfe-4b61-9fe9-4cee6ff985bd"",""fieldId"":""55a34c6f-a8ac-49e3-a400-0121ba3fb241"",""name"":""id"",""dataType"":""NUMBER"",""calculateType"":null,""dataFormat"":"""",""validateStatus"":""1"",""extra"":{""allowFilter"":1,""containGroupFunction"":false,""code"":""id"",""type"":""metrics"",""allowGroup"":true},""columnType"":null,""labelName"":null,""granularity"":null,""type"":""category""},{""id"":""cost"",""uuid"":""9220f0b5-1cdf-439f-8a19-a3e641eea447"",""fieldId"":""f078e654-8a08-4615-8e43-a8f01f318b56"",""name"":""cost"",""dataType"":""NUMBER"",""calculateType"":""sum"",""dataFormat"":"""",""validateStatus"":""1"",""extra"":{""allowFilter"":1,""containGroupFunction"":false,""code"":""cost"",""type"":""metrics"",""allowGroup"":true},""columnType"":null,""labelName"":""SUM"",""granularity"":null,""type"":""yAxis""}],""sort"":{""uuid"":""8307ccbd-dcfe-4b61-9fe9-4cee6ff985bd"",""order"":""asc""},""filters"":null,""segment"":null,""time"":{""field"":{""id"":""create_date"",""uuid"":null,""fieldId"":""469c5a67-8f48-43d5-b1d9-ef875c2689a5"",""name"":""create_date"",""dataType"":""DATE"",""calculateType"":null,""dataFormat"":""yyyy-MM-dd"",""validateStatus"":""1"",""extra"":{""allowFilter"":1,""containGroupFunction"":false,""code"":""create_date"",""type"":""dimension"",""allowGroup"":true},""columnType"":null},""code"":""all_time"",""value"":""all_time""},""map"":null,""targetValue"":"""",""settings"":{""date"":{""visible"":false},""total"":{""visible"":true,""item"":""028bcbcc-a14c-4ae4-b5ea-47852aed5493""}},""disconnectMessage"":"""",""target"":null}",,,"""success"":true","""errorCode"":null","[""id"",""cost""]","[1.00,2567.00]"
RDS_MySQL--table,/api/v1/commands/recipient,"{""id"":""table"",""provider"":""mysql"",""params"":{""account.id"":""2a64d63d-6f44-453d-9857-bac2d7d28d6f"",""account.name"":""172.17.2.101""}}",172.17.2.101,"""}}","""success"":true",,,
RDS_MySQL--profile,/api/v1/connections/config,"{""dsId"":5,""spaceId"":""9e42b04c-6e41-430a-9763-de774f33d9b9"",""config"":[{""id"":""8a4e8f62-dc67-419a-b7ca-dd4654693b49"",""index"":0,""type"":""account"",""name"":""MySql""},{""id"":""1f5217f4-1c61-4070-9ec1-567ab2914a19"",""index"":1,""type"":""profile"",""name"":""ptone_user"",""requestParams"":{""id"":""table"",""provider"":""mysql"",""params"":{""account.id"":""8a4e8f62-dc67-419a-b7ca-dd4654693b49"",""account.name"":""MySql""}}}]}",,,"""success"":true","""errorCode"":null",,
RDS_MySQL--dimensionValues,/api/v1/commands/recipient,"{""provider"":""mysql"",""id"":""dimensionValues"",""params"":{""dsConnectionId"":""2b622f28-3ca7-4e5e-a558-fd5df170257f"",""time"":{""field"":{""id"":""create_date"",""uuid"":null,""fieldId"":""de096a67-2019-44f5-8b61-6d6f4a42732a"",""name"":""create_date"",""dataType"":""DATE"",""calculateType"":null,""dataFormat"":""yyyy-MM-dd"",""extra"":{""allowFilter"":1,""code"":""create_date"",""type"":""dimension""}},""code"":""all_time"",""value"":""all_time""},""field"":{""id"":""name"",""uuid"":""9e2a38c3-9cd3-4971-85c0-d2ed55f1d798"",""fieldId"":""b6942654-6cc4-4c9d-ad52-3f5ff6c05269"",""name"":""name"",""dataType"":""STRING"",""calculateType"":null,""dataFormat"":"""",""extra"":{""allowFilter"":1,""code"":""name"",""type"":""dimension""},""labelName"":null,""granularity"":null,""type"":""filter""}}}", ,,"""success"":true",,,
RDS_MySQL--data,/api/v1/widgets/data/preview,"{""widgetId"":null,""spaceId"":""862c1819-13de-4adc-a2ac-e885a6c28bed"",""panelId"":""d46002fc-3867-44de-b803-9fe1d1bbf369"",""dsConnectionId"":""c197e51c-48f8-482a-813e-9ed316a3761f"",""name"":"""",""isTitleUpdate"":""0"",""graphType"":""table"",""widgetType"":""chart"",""fields"":[{""id"":""Create_Date"",""uuid"":""d741d9c3-60f6-420d-b6fa-f6d477270e41"",""fieldId"":""cb3c593c-8cf8-4f9b-906e-d7078e8df76d"",""name"":""Create_Date"",""dataType"":""DATETIME"",""calculateType"":null,""dataFormat"":""yyyy-MM-dd HH:mm:ss"",""validateStatus"":""1"",""extra"":{""allowFilter"":1,""containGroupFunction"":false,""code"":""Create_Date"",""type"":""dimension"",""allowGroup"":true},""columnType"":null,""labelName"":""Day"",""granularity"":{""type"":""time"",""value"":""day""},""type"":""category""},{""id"":""login_count"",""uuid"":""86ed5304-e42e-495e-a6d5-83042beef0f3"",""fieldId"":""57a49e3d-38cc-468a-a62a-02463935ba6e"",""name"":""login_count"",""dataType"":""NUMBER"",""calculateType"":""sum"",""dataFormat"":"""",""validateStatus"":""1"",""extra"":{""allowFilter"":1,""containGroupFunction"":false,""code"":""login_count"",""type"":""metrics"",""allowGroup"":true},""columnType"":null,""labelName"":""SUM"",""granularity"":null,""type"":""yAxis""}],""sort"":{""uuid"":""d741d9c3-60f6-420d-b6fa-f6d477270e41"",""order"":""asc""},""filters"":null,""segment"":null,""time"":{""field"":{""id"":""Create_Date"",""uuid"":null,""fieldId"":""cb3c593c-8cf8-4f9b-906e-d7078e8df76d"",""name"":""Create_Date"",""dataType"":""DATETIME"",""calculateType"":null,""dataFormat"":""yyyy-MM-dd HH:mm:ss"",""validateStatus"":""1"",""extra"":{""allowFilter"":1,""containGroupFunction"":false,""code"":""Create_Date"",""type"":""dimension"",""allowGroup"":true},""columnType"":null},""code"":""all_time"",""value"":""all_time""},""map"":null,""targetValue"":"""",""settings"":{""date"":{""visible"":false},""total"":{""visible"":true,""item"":""""}},""disconnectMessage"":"""",""target"":null}",,,"""success"":true","""errorCode"":null","[""Create_Date"",""login_count""]","[""2016-01-01"",4373.00]"
RDS_Amazon RDS for MySQL--table,/api/v1/commands/recipient,"{""id"":""table"",""provider"":""mysqlAmazonRds"",""params"":{""account.id"":""ae0d3f58-156b-4b81-a772-3ffd858d5ce4"",""account.name"":""172.17.2.101""}}",172.17.2.101,"""}}","""success"":true",,,
RDS_Amazon RDS for MySQL--profile,/api/v1/connections/config,"{""dsId"":7,""spaceId"":""9e42b04c-6e41-430a-9763-de774f33d9b9"",""config"":[{""id"":""4993e6ee-f83a-4246-adad-4c1005049f13"",""index"":0,""type"":""account"",""name"":""172.17.2.121""},{""id"":""e736e836-3111-4b1f-a729-79e0add1a624"",""index"":1,""type"":""profile"",""name"":""ptone_user"",""requestParams"":{""id"":""table"",""provider"":""mysqlAmazonRds"",""params"":{""account.id"":""4993e6ee-f83a-4246-adad-4c1005049f13"",""account.name"":""172.17.2.121""}}}]}",,,"""success"":true","""errorCode"":null",,
RDS_Amazon RDS for MySQL--dimensionValues,/api/v1/commands/recipient,"{""provider"":""mysqlAmazonRds"",""id"":""dimensionValues"",""params"":{""dsConnectionId"":""bd96ed71-5cc9-4e29-a7bc-3d7e5645fafe"",""time"":{""field"":{""id"":""create_date"",""uuid"":null,""fieldId"":""1075c49a-dad4-4cba-af7e-986fef36aaf4"",""name"":""create_date"",""dataType"":""DATE"",""calculateType"":null,""dataFormat"":""yyyy-MM-dd"",""extra"":{""allowFilter"":1,""code"":""create_date"",""type"":""dimension""}},""code"":""all_time"",""value"":""all_time""},""field"":{""id"":""name"",""uuid"":""8536a571-a1f9-4395-8b78-4bc89bd8cc38"",""fieldId"":""315ca469-304e-43a1-9eb4-4f8060f9dfaa"",""name"":""name"",""dataType"":""STRING"",""calculateType"":null,""dataFormat"":"""",""extra"":{""allowFilter"":1,""code"":""name"",""type"":""dimension""},""labelName"":null,""granularity"":null,""type"":""filter""}}}", ,,"""success"":true",,,
RDS_Amazon RDS for MySQL--data,/api/v1/widgets/data/preview,"{""widgetId"":null,""spaceId"":""862c1819-13de-4adc-a2ac-e885a6c28bed"",""panelId"":""d46002fc-3867-44de-b803-9fe1d1bbf369"",""dsConnectionId"":""7104a012-5869-4ddd-8181-7e33ba3a7c99"",""name"":"""",""isTitleUpdate"":""0"",""graphType"":""table"",""widgetType"":""chart"",""fields"":[{""id"":""Create_Date"",""uuid"":""5557240b-646b-4caa-8851-1a419390d2ac"",""fieldId"":""798613f5-bcdd-433b-b860-7d5aa8ffb551"",""name"":""Create_Date"",""dataType"":""DATETIME"",""calculateType"":null,""dataFormat"":""yyyy-MM-dd HH:mm:ss"",""validateStatus"":""1"",""extra"":{""allowFilter"":1,""containGroupFunction"":false,""code"":""Create_Date"",""type"":""dimension"",""allowGroup"":true},""columnType"":null,""labelName"":""Day"",""granularity"":{""type"":""time"",""value"":""day""},""type"":""category""},{""id"":""login_count"",""uuid"":""54f300a2-6985-4b21-b924-c2a0cbeb8e89"",""fieldId"":""543398fd-54a8-40fd-a9e1-055c14e18c3c"",""name"":""login_count"",""dataType"":""NUMBER"",""calculateType"":""sum"",""dataFormat"":"""",""validateStatus"":""1"",""extra"":{""allowFilter"":1,""containGroupFunction"":false,""code"":""login_count"",""type"":""metrics"",""allowGroup"":true},""columnType"":null,""labelName"":""SUM"",""granularity"":null,""type"":""yAxis""}],""sort"":{""uuid"":""5557240b-646b-4caa-8851-1a419390d2ac"",""order"":""asc""},""filters"":null,""segment"":null,""time"":{""field"":{""id"":""Create_Date"",""uuid"":null,""fieldId"":""798613f5-bcdd-433b-b860-7d5aa8ffb551"",""name"":""Create_Date"",""dataType"":""DATETIME"",""calculateType"":null,""dataFormat"":""yyyy-MM-dd HH:mm:ss"",""validateStatus"":""1"",""extra"":{""allowFilter"":1,""containGroupFunction"":false,""code"":""Create_Date"",""type"":""dimension"",""allowGroup"":true},""columnType"":null},""code"":""all_time"",""value"":""all_time""},""map"":null,""targetValue"":"""",""settings"":{""date"":{""visible"":false},""total"":{""visible"":true,""item"":""54f300a2-6985-4b21-b924-c2a0cbeb8e89""}},""disconnectMessage"":"""",""target"":null}",,,"""success"":true","""errorCode"":null","[""Create_Date"",""login_count""]","[""2016-01-01"",4373.00]"
RDS_Amazon RDS for Aurora--table,/api/v1/commands/recipient,"{""id"":""table"",""provider"":""auroraAmazonRds"",""params"":{""account.id"":""8804377c-3b01-4da5-a3cc-3df8c3e6576a"",""account.name"":""172.17.2.101""}}",172.17.2.101,"""}}","""success"":true",,,
RDS_Amazon RDS for Aurora--profile,/api/v1/connections/config,"{""dsId"":10,""spaceId"":""9e42b04c-6e41-430a-9763-de774f33d9b9"",""config"":[{""id"":""b7d36d29-7b03-46d0-b03c-a3cb73f4a6d4"",""index"":0,""type"":""account"",""name"":""aurora""},{""id"":""0a6dafb2-59bd-49bc-b8a9-8af3caf6fc93"",""index"":1,""type"":""profile"",""name"":""ptone_user"",""requestParams"":{""id"":""table"",""provider"":""auroraAmazonRds"",""params"":{""account.id"":""b7d36d29-7b03-46d0-b03c-a3cb73f4a6d4"",""account.name"":""aurora""}}}]}",,,"""success"":true","""errorCode"":null",,
RDS_Amazon RDS for Aurora--dimensionValues,/api/v1/commands/recipient,"{""provider"":""auroraAmazonRds"",""id"":""dimensionValues"",""params"":{""dsConnectionId"":""23b3ef7b-895a-4fa2-b91a-462fe756d171"",""time"":{""field"":{""id"":""create_date"",""uuid"":null,""fieldId"":""5ce1747c-7f7d-4759-b362-acb078334cbc"",""name"":""create_date"",""dataType"":""DATE"",""calculateType"":null,""dataFormat"":""yyyy-MM-dd"",""extra"":{""allowFilter"":1,""code"":""create_date"",""type"":""dimension""}},""code"":""all_time"",""value"":""all_time""},""field"":{""id"":""name"",""uuid"":""ddf654e4-3341-4035-8a25-7f87587f08f1"",""fieldId"":""1e534c43-e6fe-4dcf-a8bd-d9fafa41243e"",""name"":""name"",""dataType"":""STRING"",""calculateType"":null,""dataFormat"":"""",""extra"":{""allowFilter"":1,""code"":""name"",""type"":""dimension""},""labelName"":null,""granularity"":null,""type"":""filter""}}}", ,,"""success"":true",,,
RDS_Amazon RDS for Aurora--data,/api/v1/widgets/data/preview,"{""widgetId"":null,""spaceId"":""862c1819-13de-4adc-a2ac-e885a6c28bed"",""panelId"":""d46002fc-3867-44de-b803-9fe1d1bbf369"",""dsConnectionId"":""cfa22f96-cc8e-4da1-b7c0-2b4c272ca114"",""name"":"""",""isTitleUpdate"":""0"",""graphType"":""table"",""widgetType"":""chart"",""fields"":[{""id"":""Create_Date"",""uuid"":""630b5c9e-4edd-4ef5-88b4-deac6cfa04c9"",""fieldId"":""ce281485-000d-4bfe-8590-e5308a7f2315"",""name"":""Create_Date"",""dataType"":""DATETIME"",""calculateType"":null,""dataFormat"":""yyyy-MM-dd HH:mm:ss"",""validateStatus"":""1"",""extra"":{""allowFilter"":1,""containGroupFunction"":false,""code"":""Create_Date"",""type"":""dimension"",""allowGroup"":true},""columnType"":null,""labelName"":""Day"",""granularity"":{""type"":""time"",""value"":""day""},""type"":""category""},{""id"":""login_count"",""uuid"":""9dbce7bb-566d-41da-88cb-1e4420eb71f2"",""fieldId"":""9ea49235-bd04-4732-a6e2-34a9e2759088"",""name"":""login_count"",""dataType"":""NUMBER"",""calculateType"":""sum"",""dataFormat"":"""",""validateStatus"":""1"",""extra"":{""allowFilter"":1,""containGroupFunction"":false,""code"":""login_count"",""type"":""metrics"",""allowGroup"":true},""columnType"":null,""labelName"":""SUM"",""granularity"":null,""type"":""yAxis""}],""sort"":{""uuid"":""630b5c9e-4edd-4ef5-88b4-deac6cfa04c9"",""order"":""asc""},""filters"":null,""segment"":null,""time"":{""field"":{""id"":""Create_Date"",""uuid"":null,""fieldId"":""ce281485-000d-4bfe-8590-e5308a7f2315"",""name"":""Create_Date"",""dataType"":""DATETIME"",""calculateType"":null,""dataFormat"":""yyyy-MM-dd HH:mm:ss"",""validateStatus"":""1"",""extra"":{""allowFilter"":1,""containGroupFunction"":false,""code"":""Create_Date"",""type"":""dimension"",""allowGroup"":true},""columnType"":null},""code"":""all_time"",""value"":""all_time""},""map"":null,""targetValue"":"""",""settings"":{""date"":{""visible"":false},""total"":{""visible"":true,""item"":""9dbce7bb-566d-41da-88cb-1e4420eb71f2""}},""disconnectMessage"":"""",""target"":null}",,,"""success"":true","""errorCode"":null","[""Create_Date"",""login_count""]","[""2016-01-01"",4373.00]"
RDS_SQL Server--table,/api/v1/commands/recipient,"{""id"":""table"",""provider"":""sqlserver"",""params"":{""account.id"":""5d36d944-4388-4668-9137-00b04887e1b0"",""account.name"":""139.220.242.37""}}",139.220.242.37,"""}}","""success"":true",,,
RDS_SQL Server--profile,/api/v1/connections/config,"{""dsId"":32,""spaceId"":""9e42b04c-6e41-430a-9763-de774f33d9b9"",""config"":[{""id"":""f79fcbbb-66fc-40c1-b352-2b7b39e36f9d"",""index"":0,""type"":""account"",""name"":""SQL Server""},{""id"":""b0282f98-12b9-47f5-abec-f172f887d34d"",""index"":1,""type"":""profile"",""name"":""test"",""requestParams"":{""id"":""table"",""provider"":""sqlserver"",""params"":{""account.id"":""f79fcbbb-66fc-40c1-b352-2b7b39e36f9d"",""account.name"":""SQL Server""}}}]}",,,"""success"":true","""errorCode"":null",,
RDS_SQL Server--dimensionValues,/api/v1/commands/recipient,"{""provider"":""sqlserver"",""id"":""dimensionValues"",""params"":{""dsConnectionId"":""e82be886-e5e8-4af3-b636-d0bc973fed99"",""time"":{""field"":{""id"":""Activite_Date"",""uuid"":null,""fieldId"":""45aea6e9-948a-474d-ba92-136461576ed2"",""name"":""Activite_Date"",""dataType"":""DATETIME"",""calculateType"":null,""dataFormat"":""yyyy/MM/dd HH:mm:ss"",""extra"":{""allowFilter"":1,""code"":""Activite_Date"",""type"":""dimension""}},""code"":""all_time"",""value"":""all_time""},""field"":{""id"":""name"",""uuid"":""984c907a-69f2-4a3d-9771-b2b7d6dea958"",""fieldId"":""a0199df5-4ac8-474f-87a0-80093168f5e8"",""name"":""name"",""dataType"":""STRING"",""calculateType"":null,""dataFormat"":"""",""extra"":{""allowFilter"":1,""code"":""name"",""type"":""dimension""},""labelName"":null,""granularity"":null,""type"":""filter""}}}", ,,"""success"":true",,,
RDS_SQL Server--data,/api/v1/widgets/data/preview,"{""widgetId"":null,""spaceId"":""862c1819-13de-4adc-a2ac-e885a6c28bed"",""panelId"":""d46002fc-3867-44de-b803-9fe1d1bbf369"",""dsConnectionId"":""4d4e6972-384d-497e-b289-6b74c82bd207"",""name"":"""",""isTitleUpdate"":""0"",""graphType"":""table"",""widgetType"":""chart"",""fields"":[{""id"":""Create_Date"",""uuid"":""5324e054-9459-446a-97ff-c8cee74b7578"",""fieldId"":""eede5dd1-fbea-4873-82de-663747e3b8cd"",""name"":""Create_Date"",""dataType"":""DATETIME"",""calculateType"":null,""dataFormat"":""yyyy/MM/dd HH:mm:ss"",""validateStatus"":""1"",""extra"":{""allowFilter"":1,""containGroupFunction"":false,""code"":""Create_Date"",""type"":""dimension"",""allowGroup"":true},""columnType"":null,""labelName"":""Day"",""granularity"":{""type"":""time"",""value"":""day""},""type"":""category""},{""id"":""login_count"",""uuid"":""af8dd0c3-ca27-45d1-940b-dbfcc1801a13"",""fieldId"":""e24785b0-26d4-427e-a9ed-c33c45789607"",""name"":""login_count"",""dataType"":""NUMBER"",""calculateType"":""sum"",""dataFormat"":"""",""validateStatus"":""1"",""extra"":{""allowFilter"":1,""containGroupFunction"":false,""code"":""login_count"",""type"":""metrics"",""allowGroup"":true},""columnType"":null,""labelName"":""SUM"",""granularity"":null,""type"":""yAxis""}],""sort"":{""uuid"":""5324e054-9459-446a-97ff-c8cee74b7578"",""order"":""asc""},""filters"":null,""segment"":null,""time"":{""field"":{""id"":""Activite_Date"",""uuid"":null,""fieldId"":""45aea6e9-948a-474d-ba92-136461576ed2"",""name"":""Activite_Date"",""dataType"":""DATETIME"",""calculateType"":null,""dataFormat"":""yyyy/MM/dd HH:mm:ss"",""validateStatus"":""1"",""extra"":{""allowFilter"":1,""containGroupFunction"":false,""code"":""Activite_Date"",""type"":""dimension"",""allowGroup"":true},""columnType"":null},""code"":""all_time"",""value"":""all_time""},""map"":null,""targetValue"":"""",""settings"":{""date"":{""visible"":false},""total"":{""visible"":true,""item"":""c4f51351-7bea-4d46-83f3-3a736895d04f""}},""disconnectMessage"":"""",""target"":null}",,,"""success"":true","""errorCode"":null","[""Create_Date"",""login_count""]","[""2016-01-01"",11924.00]"
RDS_PostgreSQL--table,/api/v1/commands/recipient,"{""id"":""table"",""provider"":""postgre"",""params"":{""account.id"":""69adf2a6-0462-48ff-b576-2ed17a509648"",""account.name"":""118.67.102.149""}}",118.67.102.149,"""}}","""success"":true",,,
RDS_PostgreSQL--profile,/api/v1/connections/config,"{""dsId"":8,""spaceId"":""9e42b04c-6e41-430a-9763-de774f33d9b9"",""config"":[{""id"":""9ca5e06f-48b9-42b6-9a53-40cd54d7e7a1"",""index"":0,""type"":""account"",""name"":""118.67.102.149""},{""id"":""cd944eac-a5e2-48c5-a35c-638bdb049e97"",""index"":1,""type"":""profile"",""name"":""zyf_test_DB"",""requestParams"":{""id"":""table"",""provider"":""postgre"",""params"":{""account.id"":""9ca5e06f-48b9-42b6-9a53-40cd54d7e7a1"",""account.name"":""118.67.102.149""}}}]}",,,"""success"":true","""errorCode"":null",,
RDS_PostgreSQL--dimensionValues,/api/v1/commands/recipient,"{""provider"":""postgre"",""id"":""dimensionValues"",""params"":{""dsConnectionId"":""e8e7e201-eeeb-421c-b8b9-8648cf2eb8e8"",""time"":{""field"":{""id"":""create_date"",""uuid"":null,""fieldId"":""faf44351-8b4e-4c6e-af67-ed40214b8e9d"",""name"":""create_date"",""dataType"":""DATE"",""calculateType"":null,""dataFormat"":""yyyy-MM-dd"",""extra"":{""allowFilter"":1,""code"":""create_date"",""type"":""dimension""}},""code"":""all_time"",""value"":""all_time""},""field"":{""id"":""name"",""uuid"":""6db83914-ba55-423f-81d6-d9f645010af7"",""fieldId"":""7e5dc855-4c2f-4331-8743-f618a1cbefe2"",""name"":""name"",""dataType"":""STRING"",""calculateType"":null,""dataFormat"":"""",""extra"":{""allowFilter"":1,""code"":""name"",""type"":""dimension""},""labelName"":null,""granularity"":null,""type"":""filter""}}}", ,,"""success"":true",,,
RDS_PostgreSQL--data,/api/v1/widgets/data/preview,"{""widgetId"":null,""spaceId"":""862c1819-13de-4adc-a2ac-e885a6c28bed"",""panelId"":""d46002fc-3867-44de-b803-9fe1d1bbf369"",""dsConnectionId"":""ed102b4b-9394-4b06-9ee1-4f4cf4fae270"",""name"":"""",""isTitleUpdate"":""0"",""graphType"":""table"",""widgetType"":""chart"",""fields"":[{""id"":""name"",""uuid"":""8c19248d-f991-4d10-ac15-6c917a73e313"",""fieldId"":""7e5dc855-4c2f-4331-8743-f618a1cbefe2"",""name"":""name"",""dataType"":""STRING"",""calculateType"":""counta"",""dataFormat"":"""",""validateStatus"":""1"",""extra"":{""allowFilter"":1,""containGroupFunction"":false,""code"":""name"",""type"":""dimension"",""allowGroup"":true},""columnType"":null,""labelName"":""COUNTA"",""granularity"":null,""type"":""yAxis""}],""sort"":null,""filters"":null,""segment"":null,""time"":{""field"":{""id"":""create_date"",""uuid"":null,""fieldId"":""faf44351-8b4e-4c6e-af67-ed40214b8e9d"",""name"":""create_date"",""dataType"":""DATE"",""calculateType"":null,""dataFormat"":""yyyy-MM-dd"",""validateStatus"":""1"",""extra"":{""allowFilter"":1,""containGroupFunction"":false,""code"":""create_date"",""type"":""dimension"",""allowGroup"":true},""columnType"":null},""code"":""all_time"",""value"":""all_time""},""map"":null,""targetValue"":"""",""settings"":{""date"":{""visible"":false},""total"":{""visible"":true,""item"":""bb82f01b-5074-4e50-8b38-c95034843b8d""}},""disconnectMessage"":"""",""target"":null}",,,"""success"":true","""errorCode"":null","""rows"":[[""#name""]","[""270""]]"
RDS_Amazon S3--saasSheet,/api/v1/commands/recipient,"{""id"":""saasSheet"",""provider"":""s3"",""params"":{""account.id"":""e641a35a-13b8-44a4-ba09-23059b9a31d6"",""account.name"":""S3_test""}}",S3_test,"""}}","""success"":true",,,
RDS_Amazon S3--profile,/api/v1/connections/config,"{""dsId"":20,""spaceId"":""9e42b04c-6e41-430a-9763-de774f33d9b9"",""config"":[{""id"":""eec3993a-ee94-4b5d-b8fe-e6db279ec992"",""index"":0,""type"":""account"",""name"":""S3""},{""id"":""6a52c6ba-1f4f-4d6f-8107-7774c9769adb"",""index"":1,""type"":""profile"",""name"":""zyf_ptone_user.csv"",""requestParams"":{""id"":""saasSheet"",""provider"":""s3"",""params"":{""account.id"":""eec3993a-ee94-4b5d-b8fe-e6db279ec992"",""account.name"":""S3""}}}]}",,,"""success"":true","""errorCode"":null",,
RDS_Amazon S3--dimensionValues,/api/v1/commands/recipient,"{""provider"":""s3"",""id"":""dimensionValues"",""params"":{""dsConnectionId"":""1d55e439-84d4-44db-8cf0-7c6b3b1589b5"",""time"":{""field"":{""id"":""b2260ca6-188b-43ec-964d-1e53743a5448"",""uuid"":null,""fieldId"":""b2260ca6-188b-43ec-964d-1e53743a5448"",""name"":""last_login_date"",""dataType"":""DATETIME"",""calculateType"":null,""dataFormat"":""yyyy-MM-dd HH:mm:ss"",""extra"":{""allowFilter"":1,""code"":""b2260ca6-188b-43ec-964d-1e53743a5448"",""type"":""dimension""}},""code"":""all_time"",""value"":""all_time""},""field"":{""id"":""5e560693-3779-4f82-8757-9a7a5c411629"",""uuid"":""2cf09e81-d918-457a-b0ce-3edded052805"",""fieldId"":""5e560693-3779-4f82-8757-9a7a5c411629"",""name"":""User_Name"",""dataType"":""STRING"",""calculateType"":null,""dataFormat"":"""",""extra"":{""allowFilter"":1,""code"":""5e560693-3779-4f82-8757-9a7a5c411629"",""type"":""dimension""},""labelName"":null,""granularity"":null,""type"":""filter""}}}", ,,"""success"":true",,,
RDS_Amazon S3--data,/api/v1/widgets/data/preview,"{""widgetId"":null,""spaceId"":""862c1819-13de-4adc-a2ac-e885a6c28bed"",""panelId"":""d46002fc-3867-44de-b803-9fe1d1bbf369"",""dsConnectionId"":""453d6cfb-15a3-49e6-8a51-fdf536b83547"",""name"":"""",""isTitleUpdate"":""0"",""graphType"":""table"",""widgetType"":""chart"",""fields"":[{""id"":""a45aea45-5e32-4f80-8ede-185332586c92"",""uuid"":""8d9b9885-633f-49fb-859a-9566f62c925f"",""fieldId"":""a45aea45-5e32-4f80-8ede-185332586c92"",""name"":""update_time"",""dataType"":""DATETIME"",""calculateType"":null,""dataFormat"":""yyyy/MM/dd HH:mm:ss"",""validateStatus"":""1"",""extra"":{""allowFilter"":1,""containGroupFunction"":false,""code"":""a45aea45-5e32-4f80-8ede-185332586c92"",""type"":""dimension"",""allowGroup"":true},""columnType"":null,""labelName"":""Day"",""granularity"":{""type"":""time"",""value"":""day""},""type"":""category""},{""id"":""b08e9ae0-73d4-44b1-b2f8-57abd2a1b2ba"",""uuid"":""242229ec-36da-4d32-b1d1-e4196ce7174e"",""fieldId"":""b08e9ae0-73d4-44b1-b2f8-57abd2a1b2ba"",""name"":""phone"",""dataType"":""STRING"",""calculateType"":""counta"",""dataFormat"":"""",""validateStatus"":""1"",""extra"":{""allowFilter"":1,""containGroupFunction"":false,""code"":""b08e9ae0-73d4-44b1-b2f8-57abd2a1b2ba"",""type"":""dimension"",""allowGroup"":true},""columnType"":null,""labelName"":""COUNTA"",""granularity"":null,""type"":""yAxis""}],""sort"":{""uuid"":""8d9b9885-633f-49fb-859a-9566f62c925f"",""order"":""asc""},""filters"":null,""segment"":null,""time"":{""field"":{""id"":""b2260ca6-188b-43ec-964d-1e53743a5448"",""uuid"":null,""fieldId"":""b2260ca6-188b-43ec-964d-1e53743a5448"",""name"":""last_login_date"",""dataType"":""DATETIME"",""calculateType"":null,""dataFormat"":""yyyy-MM-dd HH:mm:ss"",""validateStatus"":""1"",""extra"":{""allowFilter"":1,""containGroupFunction"":false,""code"":""b2260ca6-188b-43ec-964d-1e53743a5448"",""type"":""dimension"",""allowGroup"":true},""columnType"":null},""code"":""all_time"",""value"":""all_time""},""map"":null,""targetValue"":"""",""settings"":{""date"":{""visible"":false},""total"":{""visible"":true,""item"":""242229ec-36da-4d32-b1d1-e4196ce7174e""}},""disconnectMessage"":"""",""target"":null}",,,"""success"":true","""errorCode"":null","[""update_time"",""#phone""]","[""2016-11-10"",""89""]"
RDS_standardRedshift CGS--table,/api/v1/commands/recipient,"{""id"":""table"",""provider"":""standardRedshift"",""params"":{""account.id"":""ec583e10-b781-4e36-99b6-9867aa2db93a"",""account.name"":""Redshift_CGS""}}",Redshift_CGS,"""}}","""success"":true",,,
RDS_standardRedshift CGS--dimensionValues,/api/v1/commands/recipient,"{""provider"":""standardRedshift"",""id"":""dimensionValues"",""params"":{""dsConnectionId"":""d80ab33d-f59b-40b3-ac43-b45b7ee42691"",""time"":{""field"":{""id"":""create_date"",""uuid"":null,""fieldId"":""c6737bf6-9b91-4d96-a5c5-c6f6bfde1ff0"",""name"":""create_date"",""dataType"":""DATE"",""calculateType"":null,""dataFormat"":""yyyy-MM-dd"",""extra"":{""allowFilter"":1,""code"":""create_date"",""type"":""dimension""}},""code"":""all_time"",""value"":""all_time""},""field"":{""id"":""time_hm"",""uuid"":""59db7440-f4ba-47f5-a292-aad8760abf07"",""fieldId"":""204c8392-e13e-4cbb-8193-642a9caf0f16"",""name"":""time_hm"",""dataType"":""STRING"",""calculateType"":null,""dataFormat"":"""",""extra"":{""allowFilter"":1,""code"":""time_hm"",""type"":""dimension""},""labelName"":null,""granularity"":null,""type"":""filter""}}}", ,,"""success"":true",,,
RDS_Oracle--table,/api/v1/commands/recipient,"{""id"":""table"",""provider"":""oracle"",""params"":{""account.id"":""f2145ab6-0019-447c-9aa9-82f431034015"",""account.name"":""oracle""}}",oracle,"""}}","""success"":true",,,
RDS_Oracle--profile,/api/v1/connections/config,"{""dsId"":35,""spaceId"":""9e42b04c-6e41-430a-9763-de774f33d9b9"",""config"":[{""id"":""e4f38d1c-080f-4d69-b24c-c786b7d9431d"",""index"":0,""type"":""account"",""name"":""Oracle""},{""id"":""df23d46a-a2fd-4837-8d2b-c45f2203447c"",""index"":1,""type"":""profile"",""name"":""ptone_user"",""requestParams"":{""id"":""table"",""provider"":""oracle"",""params"":{""account.id"":""e4f38d1c-080f-4d69-b24c-c786b7d9431d"",""account.name"":""Oracle""}}}]}",,,"""success"":true","""errorCode"":null",,
RDS_Oracle--dimensionValues,/api/v1/commands/recipient,"{""provider"":""oracle"",""id"":""dimensionValues"",""params"":{""dsConnectionId"":""d2a1ae93-aa80-462a-8e58-48876818b8c5"",""time"":{""field"":{""id"":""BirthDate"",""uuid"":null,""fieldId"":""2787fe04-65f2-434f-869a-1fcb69af0b9b"",""name"":""BirthDate"",""dataType"":""DATE"",""calculateType"":null,""dataFormat"":""yyyy/MM/dd"",""validateStatus"":""1"",""extra"":{""allowFilter"":1,""containGroupFunction"":false,""code"":""BirthDate"",""type"":""dimension"",""allowGroup"":true},""columnType"":""VARCHAR2""},""code"":""all_time"",""value"":""all_time""},""field"":{""id"":""Gender"",""uuid"":""f85ae864-bca5-423a-826d-b31c5cf5d3f8"",""fieldId"":""d8023afa-cd1e-4282-a570-698ecaf5f03c"",""name"":""Gender"",""dataType"":""STRING"",""calculateType"":null,""dataFormat"":"""",""validateStatus"":""1"",""extra"":{""allowFilter"":1,""containGroupFunction"":false,""code"":""Gender"",""type"":""dimension"",""allowGroup"":true},""columnType"":""VARCHAR2"",""labelName"":null,""granularity"":null,""type"":""filter""}}}", ,,"""success"":true",,,
RDS_Oracle--data,/api/v1/widgets/data/preview,"{""widgetId"":null,""spaceId"":""862c1819-13de-4adc-a2ac-e885a6c28bed"",""panelId"":""d46002fc-3867-44de-b803-9fe1d1bbf369"",""dsConnectionId"":""ebe4efaf-34db-4881-83c2-c267b8d7eeb9"",""name"":"""",""isTitleUpdate"":""0"",""graphType"":""table"",""widgetType"":""chart"",""fields"":[{""id"":""update_time"",""uuid"":""5dd6686f-4cf4-4fb1-8c7e-262bf0b31821"",""fieldId"":""07e78399-ddaf-4c03-b274-305eb65ecd1b"",""name"":""update_time"",""dataType"":""STRING"",""calculateType"":null,""dataFormat"":"""",""validateStatus"":""1"",""extra"":{""allowFilter"":1,""containGroupFunction"":false,""code"":""update_time"",""type"":""dimension"",""allowGroup"":true},""columnType"":""VARCHAR2"",""labelName"":null,""granularity"":null,""type"":""category""},{""id"":""login_count"",""uuid"":""c4f51351-7bea-4d46-83f3-3a736895d04f"",""fieldId"":""701eb423-826d-45d9-b12f-be0fddd0e7ff"",""name"":""login_count"",""dataType"":""NUMBER"",""calculateType"":""sum"",""dataFormat"":"""",""validateStatus"":""1"",""extra"":{""allowFilter"":1,""containGroupFunction"":false,""code"":""login_count"",""type"":""metrics"",""allowGroup"":true},""columnType"":""VARCHAR2"",""labelName"":""SUM"",""granularity"":null,""type"":""yAxis""}],""sort"":{""uuid"":""5dd6686f-4cf4-4fb1-8c7e-262bf0b31821"",""order"":""asc""},""filters"":null,""segment"":null,""time"":null,""map"":null,""targetValue"":"""",""settings"":{""total"":{""visible"":true,""item"":""98cb8aa0-603b-4b1c-9983-1d20ca0b4fdc""}},""disconnectMessage"":"""",""target"":null}",,,"""success"":true","""errorCode"":null","[""update_time"",""login_count""]","[""2017/2/14 14:24"",300.00]"
RDS_OneDriver--saasSheet,/api/v1/commands/recipient,"{""id"":""saasSheet"",""provider"":""onedrive"",""params"":{""account.id"":""adcf3f15-8fbc-41c5-a659-deba4ff8fbfb"",""account.name"":""shaoqiang.guo@datadeck.onmicrosoft.com""}}",shaoqiang.guo@datadeck.onmicrosoft.com,"""}}","""success"":true",,,
RDS_OneDriver--profile,/api/v1/connections/config,"{""dsId"":36,""spaceId"":""9e42b04c-6e41-430a-9763-de774f33d9b9"",""config"":[{""id"":""81359823-6753-4925-84cb-cb6b7174fe98"",""index"":0,""type"":""account"",""name"":""shaoqiang.guo@datadeck.onmicrosoft.com""},{""id"":""a3837c4a-b01c-428a-b2c0-4132d2f93207"",""index"":1,""type"":""profile"",""name"":""ptone_user.csv"",""requestParams"":{""id"":""saasSheet"",""provider"":""onedrive"",""params"":{""account.id"":""81359823-6753-4925-84cb-cb6b7174fe98"",""account.name"":""shaoqiang.guo@datadeck.onmicrosoft.com""}}}]}",,,"""success"":true","""errorCode"":null",,
RDS_OneDriver--dimensionValues,/api/v1/commands/recipient,"{""provider"":""onedrive"",""id"":""dimensionValues"",""params"":{""dsConnectionId"":""12092653-0f1a-49b3-96d0-d65422a83001"",""time"":{""field"":{""id"":""3aee74d1-9378-49d3-a010-2d6692b4b9db"",""uuid"":null,""fieldId"":""3aee74d1-9378-49d3-a010-2d6692b4b9db"",""name"":""»’∆⁄"",""dataType"":""DATE"",""calculateType"":null,""dataFormat"":""MM/dd/yyyy"",""validateStatus"":""1"",""extra"":{""allowFilter"":1,""containGroupFunction"":false,""code"":""3aee74d1-9378-49d3-a010-2d6692b4b9db"",""type"":""dimension"",""allowGroup"":true},""columnType"":null},""code"":""all_time"",""value"":""all_time""},""field"":{""id"":""43d2c632-9e02-4ef6-ae1c-a5ab17811111"",""uuid"":""5bbb54a7-51e2-483d-9747-016743edeaf9"",""fieldId"":""43d2c632-9e02-4ef6-ae1c-a5ab17811111"",""name"":""≤ø√≈"",""dataType"":""STRING"",""calculateType"":null,""dataFormat"":"""",""validateStatus"":""1"",""extra"":{""allowFilter"":1,""containGroupFunction"":false,""code"":""43d2c632-9e02-4ef6-ae1c-a5ab17811111"",""type"":""dimension"",""allowGroup"":true},""columnType"":null,""labelName"":null,""granularity"":null,""type"":""filter""}}}", ,,"""success"":true",,,
RDS_OneDriver--data,/api/v1/widgets/data/preview,"{""widgetId"":null,""spaceId"":""862c1819-13de-4adc-a2ac-e885a6c28bed"",""panelId"":""d46002fc-3867-44de-b803-9fe1d1bbf369"",""dsConnectionId"":""835a5b46-ac3c-4794-b199-88cde5148da3"",""name"":"""",""isTitleUpdate"":""0"",""graphType"":""table"",""widgetType"":""chart"",""fields"":[{""id"":""ec33619f-81b6-4057-81df-8aa87c947759"",""uuid"":""391c7508-eb93-4099-8847-fde4d781c8d9"",""fieldId"":""ec33619f-81b6-4057-81df-8aa87c947759"",""name"":""Create_Date"",""dataType"":""STRING"",""calculateType"":null,""dataFormat"":"""",""validateStatus"":""1"",""extra"":{""allowFilter"":1,""containGroupFunction"":false,""code"":""ec33619f-81b6-4057-81df-8aa87c947759"",""type"":""dimension"",""allowGroup"":true},""columnType"":null,""labelName"":null,""granularity"":null,""type"":""category""},{""id"":""e93ac43a-7905-4d99-a091-0e6fac4a1040"",""uuid"":""08221463-1a67-499e-8455-ddff5ac7795c"",""fieldId"":""e93ac43a-7905-4d99-a091-0e6fac4a1040"",""name"":""Login_count"",""dataType"":""NUMBER"",""calculateType"":""sum"",""dataFormat"":"""",""validateStatus"":""1"",""extra"":{""allowFilter"":1,""containGroupFunction"":false,""code"":""e93ac43a-7905-4d99-a091-0e6fac4a1040"",""type"":""metrics"",""allowGroup"":true},""columnType"":null,""labelName"":""SUM"",""granularity"":null,""type"":""yAxis""}],""sort"":{""uuid"":""391c7508-eb93-4099-8847-fde4d781c8d9"",""order"":""asc""},""filters"":null,""segment"":null,""time"":null,""map"":null,""targetValue"":"""",""settings"":{""total"":{""visible"":true,""item"":""242229ec-36da-4d32-b1d1-e4196ce7174e""}},""disconnectMessage"":"""",""target"":null}",,,"""success"":true","""errorCode"":null","[""Create_Date"",""Login_count""]","[""2016/1/1 0:00"",12003.00]"
